health_id,battery_source_id,cycle_count,rated_capacity_ah,measured_capacity_ah,voltage,temperature_c,internal_resistance_mohm,soh,source_file,source_url
B0005-D001,B0005,1,1.85649,1.85649,3.52983,32.57233,114.12497,1.0,data/raw/nasa/battery_dataset/5. Battery Data Set/1. BatteryAgingARC-FY08Q4/B0005.mat,https://phm-datasets.s3.amazonaws.com/NASA/5.+Battery+Data+Set.zip
B0005-D002,B0005,2,1.85649,1.84633,3.53732,32.72524,114.12497,0.99453,data/raw/nasa/battery_dataset/5. Battery Data Set/1. BatteryAgingARC-FY08Q4/B0005.mat,https://phm-datasets.s3.amazonaws.com/NASA/5.+Battery+Data+Set.zip
B0005-D003,B0005,3,1.85649,1.83535,3.54374,32.64286,114.12497,0.98861,data/raw/nasa/battery_dataset/5. Battery Data Set/1. BatteryAgingARC-FY08Q4/B0005.mat,https://phm-datasets.s3.amazonaws.com/NASA/5.+Battery+Data+Set.zip
B0005-D004,B0005,4,1.85649,1.83526,3.54367,32.51488,114.12497,0.98857,data/raw/nasa/battery_dataset/5. Battery Data Set/1. BatteryAgingARC-FY08Q4/B0005.mat,https://phm-datasets.s3.amazonaws.com/NASA/5.+Battery+Data+Set.zip
B0005-D005,B0005,5,1.85649,1.83465,3.54234,32.38235,114.12497,0.98823,data/raw/nasa/battery_dataset/5. Battery Data Set/1. BatteryAgingARC-FY08Q4/B0005.mat,https://phm-datasets.s3.amazonaws.com/NASA/5.+Battery+Data+Set.zip
B0005-D006,B0005,6,1.85649,1.83566,3.54133,32.43418,114.12497,0.98878,data/raw/nasa/battery_dataset/5. Battery Data Set/1. BatteryAgingARC-FY08Q4/B0005.mat,https://phm-datasets.s3.amazonaws.com/NASA/5.+Battery+Data+Set.zip
B0005-D007,B0005,7,1.85649,1.83515,3.54103,32.48042,114.12497,0.9885,data/raw/nasa/battery_dataset/5. Battery Data Set/1. BatteryAgingARC-FY08Q4/B0005.mat,https://phm-datasets.s3.amazonaws.com/NASA/5.+Battery+Data+Set.zip
B0005-D008,B0005,8,1.85649,1.82576,3.55413,32.41046,114.12497,0.98345,data/raw/nasa/battery_dataset/5. Battery Data Set/1. BatteryAgingARC-FY08Q4/B0005.mat,https://phm-datasets.s3.amazonaws.com/NASA/5.+Battery+Data+Set.zip
B0005-D009,B0005,9,1.85649,1.82477,3.55294,32.34614,114.12497,0.98292,data/raw/nasa/battery_dataset/5. Battery Data Set/1. BatteryAgingARC-FY08Q4/B0005.mat,https://phm-datasets.s3.amazonaws.com/NASA/5.+Battery+Data+Set.zip
B0005-D010,B0005,10,1.85649,1.82461,3.55121,32.2768,114.12497,0.98283,data/raw/nasa/battery_dataset/5. Battery Data Set/1. BatteryAgingARC-FY08Q4/B0005.mat,https://phm-datasets.s3.amazonaws.com/NASA/5.+Battery+Data+Set.zip
B0005-D011,B0005,11,1.85649,1.82462,3.54929,32.15709,114.12497,0.98283,data/raw/nasa/battery_dataset/5. Battery Data Set/1. BatteryAgingARC-FY08Q4/B0005.mat,https://phm-datasets.s3.amazonaws.com/NASA/5.+Battery+Data+Set.zip
B0005-D012,B0005,12,1.85649,1.8142,3.55976,32.36407,114.12497,0.97722,data/raw/nasa/battery_dataset/5. Battery Data Set/1. BatteryAgingARC-FY08Q4/B0005.mat,https://phm-datasets.s3.amazonaws.com/NASA/5.+Battery+Data+Set.zip
B0005-D013,B0005,13,1.85649,1.81375,3.55808,32.3182,114.12497,0.97698,data/raw/nasa/battery_dataset/5. Battery Data Set/1. BatteryAgingARC-FY08Q4/B0005.mat,https://phm-datasets.s3.amazonaws.com/NASA/5.+Battery+Data+Set.zip
B0005-D014,B0005,14,1.85649,1.81344,3.55569,32.15709,114.12497,0.97681,data/raw/nasa/battery_dataset/5. Battery Data Set/1. BatteryAgingARC-FY08Q4/B0005.mat,https://phm-datasets.s3.amazonaws.com/NASA/5.+Battery+Data+Set.zip
B0005-D015,B0005,15,1.85649,1.8026,3.56275,32.04407,114.12497,0.97097,data/raw/nasa/battery_dataset/5. Battery Data Set/1. BatteryAgingARC-FY08Q4/B0005.mat,https://phm-datasets.s3.amazonaws.com/NASA/5.+Battery+Data+Set.zip
B0005-D016,B0005,16,1.85649,1.80211,3.56145,31.93159,114.12497,0.97071,data/raw/nasa/battery_dataset/5. Battery Data Set/1. BatteryAgingARC-FY08Q4/B0005.mat,https://phm-datasets.s3.amazonaws.com/NASA/5.+Battery+Data+Set.zip
B0005-D017,B0005,17,1.85649,1.80258,3.56034,31.94166,114.12497,0.97096,data/raw/nasa/battery_dataset/5. Battery Data Set/1. BatteryAgingARC-FY08Q4/B0005.mat,https://phm-datasets.s3.amazonaws.com/NASA/5.+Battery+Data+Set.zip
B0005-D018,B0005,18,1.85649,1.80307,3.55912,31.96501,114.12497,0.97123,data/raw/nasa/battery_dataset/5. Battery Data Set/1. BatteryAgingARC-FY08Q4/B0005.mat,https://phm-datasets.s3.amazonaws.com/NASA/5.+Battery+Data+Set.zip
B0005-D019,B0005,19,1.85649,1.80278,3.55789,31.96624,114.12497,0.97107,data/raw/nasa/battery_dataset/5. Battery Data Set/1. BatteryAgingARC-FY08Q4/B0005.mat,https://phm-datasets.s3.amazonaws.com/NASA/5.+Battery+Data+Set.zip
B0005-D020,B0005,20,1.85649,1.84703,3.55204,32.37143,114.12497,0.9949,data/raw/nasa/battery_dataset/5. Battery Data Set/1. BatteryAgingARC-FY08Q4/B0005.mat,https://phm-datasets.s3.amazonaws.com/NASA/5.+Battery+Data+Set.zip
B0005-D021,B0005,21,1.85649,1.84742,3.55257,32.70025,112.81549,0.99511,data/raw/nasa/battery_dataset/5. Battery Data Set/1. BatteryAgingARC-FY08Q4/B0005.mat,https://phm-datasets.s3.amazonaws.com/NASA/5.+Battery+Data+Set.zip
B0005-D022,B0005,22,1.85649,1.83618,3.55679,32.32266,113.62948,0.98906,data/raw/nasa/battery_dataset/5. Battery Data Set/1. BatteryAgingARC-FY08Q4/B0005.mat,https://phm-datasets.s3.amazonaws.com/NASA/5.+Battery+Data+Set.zip
B0005-D023,B0005,23,1.85649,1.82578,3.56141,31.98796,112.21657,0.98346,data/raw/nasa/battery_dataset/5. Battery Data Set/1. BatteryAgingARC-FY08Q4/B0005.mat,https://phm-datasets.s3.amazonaws.com/NASA/5.+Battery+Data+Set.zip
B0005-D024,B0005,24,1.85649,1.82511,3.55661,31.89446,112.23684,0.9831,data/raw/nasa/battery_dataset/5. Battery Data Set/1. BatteryAgingARC-FY08Q4/B0005.mat,https://phm-datasets.s3.amazonaws.com/NASA/5.+Battery+Data+Set.zip
B0005-D025,B0005,25,1.85649,1.82558,3.55867,31.7804,112.98033,0.98335,data/raw/nasa/battery_dataset/5. Battery Data Set/1. BatteryAgingARC-FY08Q4/B0005.mat,https://phm-datasets.s3.amazonaws.com/NASA/5.+Battery+Data+Set.zip
B0005-D026,B0005,26,1.85649,1.81403,3.5641,31.68875,112.24116,0.97713,data/raw/nasa/battery_dataset/5. Battery Data Set/1. BatteryAgingARC-FY08Q4/B0005.mat,https://phm-datasets.s3.amazonaws.com/NASA/5.+Battery+Data+Set.zip
B0005-D027,B0005,27,1.85649,1.81477,3.55959,31.59675,113.4092,0.97753,data/raw/nasa/battery_dataset/5. Battery Data Set/1. BatteryAgingARC-FY08Q4/B0005.mat,https://phm-datasets.s3.amazonaws.com/NASA/5.+Battery+Data+Set.zip
B0005-D028,B0005,28,1.85649,1.81397,3.55683,31.56559,112.30927,0.9771,data/raw/nasa/battery_dataset/5. Battery Data Set/1. BatteryAgingARC-FY08Q4/B0005.mat,https://phm-datasets.s3.amazonaws.com/NASA/5.+Battery+Data+Set.zip
B0005-D029,B0005,29,1.85649,1.80277,3.56244,31.59125,113.27222,0.97106,data/raw/nasa/battery_dataset/5. Battery Data Set/1. BatteryAgingARC-FY08Q4/B0005.mat,https://phm-datasets.s3.amazonaws.com/NASA/5.+Battery+Data+Set.zip
B0005-D030,B0005,30,1.85649,1.80408,3.55914,31.60349,112.32979,0.97177,data/raw/nasa/battery_dataset/5. Battery Data Set/1. BatteryAgingARC-FY08Q4/B0005.mat,https://phm-datasets.s3.amazonaws.com/NASA/5.+Battery+Data+Set.zip
B0005-D031,B0005,31,1.85649,1.8518,3.55732,31.91556,116.5173,0.99748,data/raw/nasa/battery_dataset/5. Battery Data Set/1. BatteryAgingARC-FY08Q4/B0005.mat,https://phm-datasets.s3.amazonaws.com/NASA/5.+Battery+Data+Set.zip
B0005-D032,B0005,32,1.85649,1.8307,3.56187,32.08113,116.40026,0.98611,data/raw/nasa/battery_dataset/5. Battery Data Set/1. BatteryAgingARC-FY08Q4/B0005.mat,https://phm-datasets.s3.amazonaws.com/NASA/5.+Battery+Data+Set.zip
B0005-D033,B0005,33,1.85649,1.8199,3.56176,31.84979,117.22803,0.98029,data/raw/nasa/battery_dataset/5. Battery Data Set/1. BatteryAgingARC-FY08Q4/B0005.mat,https://phm-datasets.s3.amazonaws.com/NASA/5.+Battery+Data+Set.zip
B0005-D034,B0005,34,1.85649,1.80931,3.55973,31.46569,116.60144,0.97459,data/raw/nasa/battery_dataset/5. Battery Data Set/1. BatteryAgingARC-FY08Q4/B0005.mat,https://phm-datasets.s3.amazonaws.com/NASA/5.+Battery+Data+Set.zip
B0005-D035,B0005,35,1.85649,1.80461,3.55759,31.40935,118.15745,0.97206,data/raw/nasa/battery_dataset/5. Battery Data Set/1. BatteryAgingARC-FY08Q4/B0005.mat,https://phm-datasets.s3.amazonaws.com/NASA/5.+Battery+Data+Set.zip
B0005-D036,B0005,36,1.85649,1.79938,3.55972,31.90225,119.42618,0.96924,data/raw/nasa/battery_dataset/5. Battery Data Set/1. BatteryAgingARC-FY08Q4/B0005.mat,https://phm-datasets.s3.amazonaws.com/NASA/5.+Battery+Data+Set.zip
B0005-D037,B0005,37,1.85649,1.78844,3.55906,31.64902,116.7899,0.96335,data/raw/nasa/battery_dataset/5. Battery Data Set/1. BatteryAgingARC-FY08Q4/B0005.mat,https://phm-datasets.s3.amazonaws.com/NASA/5.+Battery+Data+Set.zip
B0005-D038,B0005,38,1.85649,1.78292,3.55702,31.48875,118.17027,0.96037,data/raw/nasa/battery_dataset/5. Battery Data Set/1. BatteryAgingARC-FY08Q4/B0005.mat,https://phm-datasets.s3.amazonaws.com/NASA/5.+Battery+Data+Set.zip
B0005-D039,B0005,39,1.85649,1.77303,3.55625,31.33,118.12397,0.95505,data/raw/nasa/battery_dataset/5. Battery Data Set/1. BatteryAgingARC-FY08Q4/B0005.mat,https://phm-datasets.s3.amazonaws.com/NASA/5.+Battery+Data+Set.zip
B0005-D040,B0005,40,1.85649,1.77304,3.55328,31.56955,118.07695,0.95505,data/raw/nasa/battery_dataset/5. Battery Data Set/1. BatteryAgingARC-FY08Q4/B0005.mat,https://phm-datasets.s3.amazonaws.com/NASA/5.+Battery+Data+Set.zip
B0005-D041,B0005,41,1.85649,1.76787,3.55627,32.11143,118.12147,0.95227,data/raw/nasa/battery_dataset/5. Battery Data Set/1. BatteryAgingARC-FY08Q4/B0005.mat,https://phm-datasets.s3.amazonaws.com/NASA/5.+Battery+Data+Set.zip
B0005-D042,B0005,42,1.85649,1.76232,3.55631,32.27168,118.16262,0.94927,data/raw/nasa/battery_dataset/5. Battery Data Set/1. BatteryAgingARC-FY08Q4/B0005.mat,https://phm-datasets.s3.amazonaws.com/NASA/5.+Battery+Data+Set.zip
B0005-D043,B0005,43,1.85649,1.76762,3.55895,31.84229,117.80042,0.95213,data/raw/nasa/battery_dataset/5. Battery Data Set/1. BatteryAgingARC-FY08Q4/B0005.mat,https://phm-datasets.s3.amazonaws.com/NASA/5.+Battery+Data+Set.zip
B0005-D044,B0005,44,1.85649,1.76267,3.55344,31.75982,115.87312,0.94946,data/raw/nasa/battery_dataset/5. Battery Data Set/1. BatteryAgingARC-FY08Q4/B0005.mat,https://phm-datasets.s3.amazonaws.com/NASA/5.+Battery+Data+Set.zip
B0005-D045,B0005,45,1.85649,1.75173,3.55101,31.41911,120.72738,0.94357,data/raw/nasa/battery_dataset/5. Battery Data Set/1. BatteryAgingARC-FY08Q4/B0005.mat,https://phm-datasets.s3.amazonaws.com/NASA/5.+Battery+Data+Set.zip
B0005-D046,B0005,46,1.85649,1.74185,3.55132,31.33163,119.29339,0.93825,data/raw/nasa/battery_dataset/5. Battery Data Set/1. BatteryAgingARC-FY08Q4/B0005.mat,https://phm-datasets.s3.amazonaws.com/NASA/5.+Battery+Data+Set.zip
B0005-D047,B0005,47,1.85649,1.73609,3.549,31.35934,120.92421,0.93515,data/raw/nasa/battery_dataset/5. Battery Data Set/1. BatteryAgingARC-FY08Q4/B0005.mat,https://phm-datasets.s3.amazonaws.com/NASA/5.+Battery+Data+Set.zip
B0005-D048,B0005,48,1.85649,1.79362,3.55976,34.31088,116.89376,0.96614,data/raw/nasa/battery_dataset/5. Battery Data Set/1. BatteryAgingARC-FY08Q4/B0005.mat,https://phm-datasets.s3.amazonaws.com/NASA/5.+Battery+Data+Set.zip
B0005-D049,B0005,49,1.85649,1.78319,3.56235,33.43586,119.5715,0.96052,data/raw/nasa/battery_dataset/5. Battery Data Set/1. BatteryAgingARC-FY08Q4/B0005.mat,https://phm-datasets.s3.amazonaws.com/NASA/5.+Battery+Data+Set.zip
B0005-D050,B0005,50,1.85649,1.76736,3.55834,32.66698,120.87816,0.95199,data/raw/nasa/battery_dataset/5. Battery Data Set/1. BatteryAgingARC-FY08Q4/B0005.mat,https://phm-datasets.s3.amazonaws.com/NASA/5.+Battery+Data+Set.zip
B0005-D051,B0005,51,1.85649,1.75702,3.55401,32.28423,121.86789,0.94642,data/raw/nasa/battery_dataset/5. Battery Data Set/1. BatteryAgingARC-FY08Q4/B0005.mat,https://phm-datasets.s3.amazonaws.com/NASA/5.+Battery+Data+Set.zip
B0005-D052,B0005,52,1.85649,1.74687,3.55238,32.00739,120.68012,0.94095,data/raw/nasa/battery_dataset/5. Battery Data Set/1. BatteryAgingARC-FY08Q4/B0005.mat,https://phm-datasets.s3.amazonaws.com/NASA/5.+Battery+Data+Set.zip
B0005-D053,B0005,53,1.85649,1.74172,3.54962,32.06387,120.83298,0.93818,data/raw/nasa/battery_dataset/5. Battery Data Set/1. BatteryAgingARC-FY08Q4/B0005.mat,https://phm-datasets.s3.amazonaws.com/NASA/5.+Battery+Data+Set.zip
B0005-D054,B0005,54,1.85649,1.73642,3.54938,32.43755,120.75129,0.93533,data/raw/nasa/battery_dataset/5. Battery Data Set/1. BatteryAgingARC-FY08Q4/B0005.mat,https://phm-datasets.s3.amazonaws.com/NASA/5.+Battery+Data+Set.zip
B0005-D055,B0005,55,1.85649,1.72632,3.54721,32.1681,122.0613,0.92989,data/raw/nasa/battery_dataset/5. Battery Data Set/1. BatteryAgingARC-FY08Q4/B0005.mat,https://phm-datasets.s3.amazonaws.com/NASA/5.+Battery+Data+Set.zip
B0005-D056,B0005,56,1.85649,1.71581,3.54671,32.05753,121.10554,0.92422,data/raw/nasa/battery_dataset/5. Battery Data Set/1. BatteryAgingARC-FY08Q4/B0005.mat,https://phm-datasets.s3.amazonaws.com/NASA/5.+Battery+Data+Set.zip
B0005-D057,B0005,57,1.85649,1.71053,3.54463,31.97592,121.58404,0.92138,data/raw/nasa/battery_dataset/5. Battery Data Set/1. BatteryAgingARC-FY08Q4/B0005.mat,https://phm-datasets.s3.amazonaws.com/NASA/5.+Battery+Data+Set.zip
B0005-D058,B0005,58,1.85649,1.70601,3.54363,32.21689,122.24993,0.91895,data/raw/nasa/battery_dataset/5. Battery Data Set/1. BatteryAgingARC-FY08Q4/B0005.mat,https://phm-datasets.s3.amazonaws.com/NASA/5.+Battery+Data+Set.zip
B0005-D059,B0005,59,1.85649,1.70031,3.54449,32.55633,122.01715,0.91588,data/raw/nasa/battery_dataset/5. Battery Data Set/1. BatteryAgingARC-FY08Q4/B0005.mat,https://phm-datasets.s3.amazonaws.com/NASA/5.+Battery+Data+Set.zip
B0005-D060,B0005,60,1.85649,1.69458,3.54092,32.40048,120.66938,0.91279,data/raw/nasa/battery_dataset/5. Battery Data Set/1. BatteryAgingARC-FY08Q4/B0005.mat,https://phm-datasets.s3.amazonaws.com/NASA/5.+Battery+Data+Set.zip
B0005-D061,B0005,61,1.85649,1.6849,3.5412,32.29372,122.33569,0.90758,data/raw/nasa/battery_dataset/5. Battery Data Set/1. BatteryAgingARC-FY08Q4/B0005.mat,https://phm-datasets.s3.amazonaws.com/NASA/5.+Battery+Data+Set.zip
B0005-D062,B0005,62,1.85649,1.67447,3.54067,32.13607,122.00548,0.90196,data/raw/nasa/battery_dataset/5. Battery Data Set/1. BatteryAgingARC-FY08Q4/B0005.mat,https://phm-datasets.s3.amazonaws.com/NASA/5.+Battery+Data+Set.zip
B0005-D063,B0005,63,1.85649,1.67457,3.5376,32.38269,123.25625,0.90201,data/raw/nasa/battery_dataset/5. Battery Data Set/1. BatteryAgingARC-FY08Q4/B0005.mat,https://phm-datasets.s3.amazonaws.com/NASA/5.+Battery+Data+Set.zip
B0005-D064,B0005,64,1.85649,1.66372,3.53842,32.309,123.12923,0.89616,data/raw/nasa/battery_dataset/5. Battery Data Set/1. BatteryAgingARC-FY08Q4/B0005.mat,https://phm-datasets.s3.amazonaws.com/NASA/5.+Battery+Data+Set.zip
B0005-D065,B0005,65,1.85649,1.65901,3.53929,32.56637,118.46275,0.89363,data/raw/nasa/battery_dataset/5. Battery Data Set/1. BatteryAgingARC-FY08Q4/B0005.mat,https://phm-datasets.s3.amazonaws.com/NASA/5.+Battery+Data+Set.zip
B0005-D066,B0005,66,1.85649,1.65385,3.53369,32.46543,123.22907,0.89085,data/raw/nasa/battery_dataset/5. Battery Data Set/1. BatteryAgingARC-FY08Q4/B0005.mat,https://phm-datasets.s3.amazonaws.com/NASA/5.+Battery+Data+Set.zip
B0005-D067,B0005,67,1.85649,1.64265,3.53437,32.34706,123.07877,0.88482,data/raw/nasa/battery_dataset/5. Battery Data Set/1. BatteryAgingARC-FY08Q4/B0005.mat,https://phm-datasets.s3.amazonaws.com/NASA/5.+Battery+Data+Set.zip
B0005-D068,B0005,68,1.85649,1.63786,3.53129,32.37154,124.40812,0.88223,data/raw/nasa/battery_dataset/5. Battery Data Set/1. BatteryAgingARC-FY08Q4/B0005.mat,https://phm-datasets.s3.amazonaws.com/NASA/5.+Battery+Data+Set.zip
B0005-D069,B0005,69,1.85649,1.63274,3.53091,32.45549,123.08983,0.87948,data/raw/nasa/battery_dataset/5. Battery Data Set/1. BatteryAgingARC-FY08Q4/B0005.mat,https://phm-datasets.s3.amazonaws.com/NASA/5.+Battery+Data+Set.zip
B0005-D070,B0005,70,1.85649,1.62775,3.52872,32.50017,123.68691,0.87679,data/raw/nasa/battery_dataset/5. Battery Data Set/1. BatteryAgingARC-FY08Q4/B0005.mat,https://phm-datasets.s3.amazonaws.com/NASA/5.+Battery+Data+Set.zip
B0005-D071,B0005,71,1.85649,1.62213,3.52625,32.501,123.92355,0.87376,data/raw/nasa/battery_dataset/5. Battery Data Set/1. BatteryAgingARC-FY08Q4/B0005.mat,https://phm-datasets.s3.amazonaws.com/NASA/5.+Battery+Data+Set.zip
B0005-D072,B0005,72,1.85649,1.61133,3.52868,32.47289,124.41475,0.86794,data/raw/nasa/battery_dataset/5. Battery Data Set/1. BatteryAgingARC-FY08Q4/B0005.mat,https://phm-datasets.s3.amazonaws.com/NASA/5.+Battery+Data+Set.zip
B0005-D073,B0005,73,1.85649,1.60656,3.52556,32.5048,123.24101,0.86538,data/raw/nasa/battery_dataset/5. Battery Data Set/1. BatteryAgingARC-FY08Q4/B0005.mat,https://phm-datasets.s3.amazonaws.com/NASA/5.+Battery+Data+Set.zip
B0005-D074,B0005,74,1.85649,1.60151,3.52268,32.51218,124.573,0.86266,data/raw/nasa/battery_dataset/5. Battery Data Set/1. BatteryAgingARC-FY08Q4/B0005.mat,https://phm-datasets.s3.amazonaws.com/NASA/5.+Battery+Data+Set.zip
B0005-D075,B0005,75,1.85649,1.59037,3.52467,32.45693,123.88648,0.85665,data/raw/nasa/battery_dataset/5. Battery Data Set/1. BatteryAgingARC-FY08Q4/B0005.mat,https://phm-datasets.s3.amazonaws.com/NASA/5.+Battery+Data+Set.zip
B0005-D076,B0005,76,1.85649,1.58579,3.52132,32.44706,124.56214,0.85419,data/raw/nasa/battery_dataset/5. Battery Data Set/1. BatteryAgingARC-FY08Q4/B0005.mat,https://phm-datasets.s3.amazonaws.com/NASA/5.+Battery+Data+Set.zip
B0005-D077,B0005,77,1.85649,1.58494,3.51803,32.3289,125.55707,0.85373,data/raw/nasa/battery_dataset/5. Battery Data Set/1. BatteryAgingARC-FY08Q4/B0005.mat,https://phm-datasets.s3.amazonaws.com/NASA/5.+Battery+Data+Set.zip
B0005-D078,B0005,78,1.85649,1.59553,3.52368,32.84488,129.33818,0.85943,data/raw/nasa/battery_dataset/5. Battery Data Set/1. BatteryAgingARC-FY08Q4/B0005.mat,https://phm-datasets.s3.amazonaws.com/NASA/5.+Battery+Data+Set.zip
B0005-D079,B0005,79,1.85649,1.57473,3.51915,32.31732,134.21724,0.84823,data/raw/nasa/battery_dataset/5. Battery Data Set/1. BatteryAgingARC-FY08Q4/B0005.mat,https://phm-datasets.s3.amazonaws.com/NASA/5.+Battery+Data+Set.zip
B0005-D080,B0005,80,1.85649,1.5649,3.51623,32.06376,135.26409,0.84294,data/raw/nasa/battery_dataset/5. Battery Data Set/1. BatteryAgingARC-FY08Q4/B0005.mat,https://phm-datasets.s3.amazonaws.com/NASA/5.+Battery+Data+Set.zip
B0005-D081,B0005,81,1.85649,1.55977,3.51477,32.21998,135.53045,0.84017,data/raw/nasa/battery_dataset/5. Battery Data Set/1. BatteryAgingARC-FY08Q4/B0005.mat,https://phm-datasets.s3.amazonaws.com/NASA/5.+Battery+Data+Set.zip
B0005-D082,B0005,82,1.85649,1.55948,3.5133,32.71202,135.84106,0.84002,data/raw/nasa/battery_dataset/5. Battery Data Set/1. BatteryAgingARC-FY08Q4/B0005.mat,https://phm-datasets.s3.amazonaws.com/NASA/5.+Battery+Data+Set.zip
B0005-D083,B0005,83,1.85649,1.55469,3.51448,32.94502,137.09561,0.83744,data/raw/nasa/battery_dataset/5. Battery Data Set/1. BatteryAgingARC-FY08Q4/B0005.mat,https://phm-datasets.s3.amazonaws.com/NASA/5.+Battery+Data+Set.zip
B0005-D084,B0005,84,1.85649,1.54887,3.51097,32.85755,138.21491,0.8343,data/raw/nasa/battery_dataset/5. Battery Data Set/1. BatteryAgingARC-FY08Q4/B0005.mat,https://phm-datasets.s3.amazonaws.com/NASA/5.+Battery+Data+Set.zip
B0005-D085,B0005,85,1.85649,1.53824,3.51094,32.62966,138.02611,0.82857,data/raw/nasa/battery_dataset/5. Battery Data Set/1. BatteryAgingARC-FY08Q4/B0005.mat,https://phm-datasets.s3.amazonaws.com/NASA/5.+Battery+Data+Set.zip
B0005-D086,B0005,86,1.85649,1.52791,3.50939,32.37986,139.4998,0.82301,data/raw/nasa/battery_dataset/5. Battery Data Set/1. BatteryAgingARC-FY08Q4/B0005.mat,https://phm-datasets.s3.amazonaws.com/NASA/5.+Battery+Data+Set.zip
B0005-D087,B0005,87,1.85649,1.52853,3.50668,32.68216,139.66652,0.82334,data/raw/nasa/battery_dataset/5. Battery Data Set/1. BatteryAgingARC-FY08Q4/B0005.mat,https://phm-datasets.s3.amazonaws.com/NASA/5.+Battery+Data+Set.zip
B0005-D088,B0005,88,1.85649,1.52265,3.51099,32.99387,141.27735,0.82018,data/raw/nasa/battery_dataset/5. Battery Data Set/1. BatteryAgingARC-FY08Q4/B0005.mat,https://phm-datasets.s3.amazonaws.com/NASA/5.+Battery+Data+Set.zip
B0005-D089,B0005,89,1.85649,1.51749,3.51031,33.0454,139.11674,0.8174,data/raw/nasa/battery_dataset/5. Battery Data Set/1. BatteryAgingARC-FY08Q4/B0005.mat,https://phm-datasets.s3.amazonaws.com/NASA/5.+Battery+Data+Set.zip
B0005-D090,B0005,90,1.85649,1.60582,3.52222,32.8563,139.58777,0.86498,data/raw/nasa/battery_dataset/5. Battery Data Set/1. BatteryAgingARC-FY08Q4/B0005.mat,https://phm-datasets.s3.amazonaws.com/NASA/5.+Battery+Data+Set.zip
B0005-D091,B0005,91,1.85649,1.56385,3.51635,33.3395,132.98809,0.84237,data/raw/nasa/battery_dataset/5. Battery Data Set/1. BatteryAgingARC-FY08Q4/B0005.mat,https://phm-datasets.s3.amazonaws.com/NASA/5.+Battery+Data+Set.zip
B0005-D092,B0005,92,1.85649,1.54809,3.51344,33.35156,139.69036,0.83388,data/raw/nasa/battery_dataset/5. Battery Data Set/1. BatteryAgingARC-FY08Q4/B0005.mat,https://phm-datasets.s3.amazonaws.com/NASA/5.+Battery+Data+Set.zip
B0005-D093,B0005,93,1.85649,1.53238,3.51514,33.14749,137.6659,0.82542,data/raw/nasa/battery_dataset/5. Battery Data Set/1. BatteryAgingARC-FY08Q4/B0005.mat,https://phm-datasets.s3.amazonaws.com/NASA/5.+Battery+Data+Set.zip
B0005-D094,B0005,94,1.85649,1.52695,3.5083,33.00728,140.01786,0.8225,data/raw/nasa/battery_dataset/5. Battery Data Set/1. BatteryAgingARC-FY08Q4/B0005.mat,https://phm-datasets.s3.amazonaws.com/NASA/5.+Battery+Data+Set.zip
B0005-D095,B0005,95,1.85649,1.51696,3.50919,32.91991,139.16969,0.81711,data/raw/nasa/battery_dataset/5. Battery Data Set/1. BatteryAgingARC-FY08Q4/B0005.mat,https://phm-datasets.s3.amazonaws.com/NASA/5.+Battery+Data+Set.zip
B0005-D096,B0005,96,1.85649,1.5119,3.50681,32.99903,141.1561,0.81439,data/raw/nasa/battery_dataset/5. Battery Data Set/1. BatteryAgingARC-FY08Q4/B0005.mat,https://phm-datasets.s3.amazonaws.com/NASA/5.+Battery+Data+Set.zip
B0005-D097,B0005,97,1.85649,1.50656,3.50609,33.03772,140.99536,0.81151,data/raw/nasa/battery_dataset/5. Battery Data Set/1. BatteryAgingARC-FY08Q4/B0005.mat,https://phm-datasets.s3.amazonaws.com/NASA/5.+Battery+Data+Set.zip
B0005-D098,B0005,98,1.85649,1.50155,3.50372,33.0774,140.63865,0.80881,data/raw/nasa/battery_dataset/5. Battery Data Set/1. BatteryAgingARC-FY08Q4/B0005.mat,https://phm-datasets.s3.amazonaws.com/NASA/5.+Battery+Data+Set.zip
B0005-D099,B0005,99,1.85649,1.49084,3.50675,33.05468,140.99944,0.80305,data/raw/nasa/battery_dataset/5. Battery Data Set/1. BatteryAgingARC-FY08Q4/B0005.mat,https://phm-datasets.s3.amazonaws.com/NASA/5.+Battery+Data+Set.zip
B0005-D100,B0005,100,1.85649,1.48587,3.50588,33.1157,140.66001,0.80037,data/raw/nasa/battery_dataset/5. Battery Data Set/1. BatteryAgingARC-FY08Q4/B0005.mat,https://phm-datasets.s3.amazonaws.com/NASA/5.+Battery+Data+Set.zip
B0005-D101,B0005,101,1.85649,1.48041,3.50417,33.12942,141.13946,0.79743,data/raw/nasa/battery_dataset/5. Battery Data Set/1. BatteryAgingARC-FY08Q4/B0005.mat,https://phm-datasets.s3.amazonaws.com/NASA/5.+Battery+Data+Set.zip
B0005-D102,B0005,102,1.85649,1.47521,3.50306,33.13068,141.2277,0.79462,data/raw/nasa/battery_dataset/5. Battery Data Set/1. BatteryAgingARC-FY08Q4/B0005.mat,https://phm-datasets.s3.amazonaws.com/NASA/5.+Battery+Data+Set.zip
B0005-D103,B0005,103,1.85649,1.4859,3.49823,33.20069,141.41374,0.80038,data/raw/nasa/battery_dataset/5. Battery Data Set/1. BatteryAgingARC-FY08Q4/B0005.mat,https://phm-datasets.s3.amazonaws.com/NASA/5.+Battery+Data+Set.zip
B0005-D104,B0005,104,1.85649,1.49609,3.50659,33.78698,137.39155,0.80587,data/raw/nasa/battery_dataset/5. Battery Data Set/1. BatteryAgingARC-FY08Q4/B0005.mat,https://phm-datasets.s3.amazonaws.com/NASA/5.+Battery+Data+Set.zip
B0005-D105,B0005,105,1.85649,1.4808,3.50146,33.67337,143.97136,0.79764,data/raw/nasa/battery_dataset/5. Battery Data Set/1. BatteryAgingARC-FY08Q4/B0005.mat,https://phm-datasets.s3.amazonaws.com/NASA/5.+Battery+Data+Set.zip
B0005-D106,B0005,106,1.85649,1.46975,3.50166,33.53582,143.49509,0.79169,data/raw/nasa/battery_dataset/5. Battery Data Set/1. BatteryAgingARC-FY08Q4/B0005.mat,https://phm-datasets.s3.amazonaws.com/NASA/5.+Battery+Data+Set.zip
B0005-D107,B0005,107,1.85649,1.4539,3.49662,33.3227,142.58074,0.78315,data/raw/nasa/battery_dataset/5. Battery Data Set/1. BatteryAgingARC-FY08Q4/B0005.mat,https://phm-datasets.s3.amazonaws.com/NASA/5.+Battery+Data+Set.zip
B0005-D108,B0005,108,1.85649,1.45415,3.49916,33.34623,142.79656,0.78328,data/raw/nasa/battery_dataset/5. Battery Data Set/1. BatteryAgingARC-FY08Q4/B0005.mat,https://phm-datasets.s3.amazonaws.com/NASA/5.+Battery+Data+Set.zip
B0005-D109,B0005,109,1.85649,1.45502,3.49608,33.64949,143.83173,0.78375,data/raw/nasa/battery_dataset/5. Battery Data Set/1. BatteryAgingARC-FY08Q4/B0005.mat,https://phm-datasets.s3.amazonaws.com/NASA/5.+Battery+Data+Set.zip
B0005-D110,B0005,110,1.85649,1.44904,3.4959,33.7927,143.14069,0.78053,data/raw/nasa/battery_dataset/5. Battery Data Set/1. BatteryAgingARC-FY08Q4/B0005.mat,https://phm-datasets.s3.amazonaws.com/NASA/5.+Battery+Data+Set.zip
B0005-D111,B0005,111,1.85649,1.43867,3.49759,33.52447,144.43513,0.77494,data/raw/nasa/battery_dataset/5. Battery Data Set/1. BatteryAgingARC-FY08Q4/B0005.mat,https://phm-datasets.s3.amazonaws.com/NASA/5.+Battery+Data+Set.zip
B0005-D112,B0005,112,1.85649,1.43345,3.4957,33.39042,144.59253,0.77213,data/raw/nasa/battery_dataset/5. Battery Data Set/1. BatteryAgingARC-FY08Q4/B0005.mat,https://phm-datasets.s3.amazonaws.com/NASA/5.+Battery+Data+Set.zip
B0005-D113,B0005,113,1.85649,1.4334,3.49288,33.6737,145.86269,0.7721,data/raw/nasa/battery_dataset/5. Battery Data Set/1. BatteryAgingARC-FY08Q4/B0005.mat,https://phm-datasets.s3.amazonaws.com/NASA/5.+Battery+Data+Set.zip
B0005-D114,B0005,114,1.85649,1.42806,3.49551,33.91081,145.7467,0.76923,data/raw/nasa/battery_dataset/5. Battery Data Set/1. BatteryAgingARC-FY08Q4/B0005.mat,https://phm-datasets.s3.amazonaws.com/NASA/5.+Battery+Data+Set.zip
B0005-D115,B0005,115,1.85649,1.42292,3.49423,33.78507,144.73713,0.76646,data/raw/nasa/battery_dataset/5. Battery Data Set/1. BatteryAgingARC-FY08Q4/B0005.mat,https://phm-datasets.s3.amazonaws.com/NASA/5.+Battery+Data+Set.zip
B0005-D116,B0005,116,1.85649,1.41743,3.4912,33.61127,144.78364,0.7635,data/raw/nasa/battery_dataset/5. Battery Data Set/1. BatteryAgingARC-FY08Q4/B0005.mat,https://phm-datasets.s3.amazonaws.com/NASA/5.+Battery+Data+Set.zip
B0005-D117,B0005,117,1.85649,1.41241,3.48891,33.45599,144.73013,0.7608,data/raw/nasa/battery_dataset/5. Battery Data Set/1. BatteryAgingARC-FY08Q4/B0005.mat,https://phm-datasets.s3.amazonaws.com/NASA/5.+Battery+Data+Set.zip
B0005-D118,B0005,118,1.85649,1.41258,3.48738,33.72327,147.62618,0.76089,data/raw/nasa/battery_dataset/5. Battery Data Set/1. BatteryAgingARC-FY08Q4/B0005.mat,https://phm-datasets.s3.amazonaws.com/NASA/5.+Battery+Data+Set.zip
B0005-D119,B0005,119,1.85649,1.4076,3.49199,34.05008,146.00773,0.75821,data/raw/nasa/battery_dataset/5. Battery Data Set/1. BatteryAgingARC-FY08Q4/B0005.mat,https://phm-datasets.s3.amazonaws.com/NASA/5.+Battery+Data+Set.zip
B0005-D120,B0005,120,1.85649,1.43339,3.49159,33.88935,144.66517,0.7721,data/raw/nasa/battery_dataset/5. Battery Data Set/1. BatteryAgingARC-FY08Q4/B0005.mat,https://phm-datasets.s3.amazonaws.com/NASA/5.+Battery+Data+Set.zip
B0005-D121,B0005,121,1.85649,1.43826,3.49558,34.06765,141.80866,0.77472,data/raw/nasa/battery_dataset/5. Battery Data Set/1. BatteryAgingARC-FY08Q4/B0005.mat,https://phm-datasets.s3.amazonaws.com/NASA/5.+Battery+Data+Set.zip
B0005-D122,B0005,122,1.85649,1.41735,3.4939,33.75168,146.82644,0.76346,data/raw/nasa/battery_dataset/5. Battery Data Set/1. BatteryAgingARC-FY08Q4/B0005.mat,https://phm-datasets.s3.amazonaws.com/NASA/5.+Battery+Data+Set.zip
B0005-D123,B0005,123,1.85649,1.40698,3.49159,33.46482,146.88862,0.75787,data/raw/nasa/battery_dataset/5. Battery Data Set/1. BatteryAgingARC-FY08Q4/B0005.mat,https://phm-datasets.s3.amazonaws.com/NASA/5.+Battery+Data+Set.zip
B0005-D124,B0005,124,1.85649,1.4012,3.48857,33.40211,150.55076,0.75476,data/raw/nasa/battery_dataset/5. Battery Data Set/1. BatteryAgingARC-FY08Q4/B0005.mat,https://phm-datasets.s3.amazonaws.com/NASA/5.+Battery+Data+Set.zip
B0005-D125,B0005,125,1.85649,1.3967,3.4869,33.41069,148.77267,0.75234,data/raw/nasa/battery_dataset/5. Battery Data Set/1. BatteryAgingARC-FY08Q4/B0005.mat,https://phm-datasets.s3.amazonaws.com/NASA/5.+Battery+Data+Set.zip
B0005-D126,B0005,126,1.85649,1.39128,3.48555,33.38985,148.62286,0.74942,data/raw/nasa/battery_dataset/5. Battery Data Set/1. BatteryAgingARC-FY08Q4/B0005.mat,https://phm-datasets.s3.amazonaws.com/NASA/5.+Battery+Data+Set.zip
B0005-D127,B0005,127,1.85649,1.38623,3.48389,33.37004,148.49858,0.74669,data/raw/nasa/battery_dataset/5. Battery Data Set/1. BatteryAgingARC-FY08Q4/B0005.mat,https://phm-datasets.s3.amazonaws.com/NASA/5.+Battery+Data+Set.zip
B0005-D128,B0005,128,1.85649,1.38044,3.4832,33.27216,149.49519,0.74357,data/raw/nasa/battery_dataset/5. Battery Data Set/1. BatteryAgingARC-FY08Q4/B0005.mat,https://phm-datasets.s3.amazonaws.com/NASA/5.+Battery+Data+Set.zip
B0005-D129,B0005,129,1.85649,1.37524,3.48363,33.22244,150.10406,0.74077,data/raw/nasa/battery_dataset/5. Battery Data Set/1. BatteryAgingARC-FY08Q4/B0005.mat,https://phm-datasets.s3.amazonaws.com/NASA/5.+Battery+Data+Set.zip
B0005-D130,B0005,130,1.85649,1.37051,3.48017,33.26208,148.83146,0.73823,data/raw/nasa/battery_dataset/5. Battery Data Set/1. BatteryAgingARC-FY08Q4/B0005.mat,https://phm-datasets.s3.amazonaws.com/NASA/5.+Battery+Data+Set.zip
B0005-D131,B0005,131,1.85649,1.37051,3.47845,33.31203,151.62593,0.73823,data/raw/nasa/battery_dataset/5. Battery Data Set/1. BatteryAgingARC-FY08Q4/B0005.mat,https://phm-datasets.s3.amazonaws.com/NASA/5.+Battery+Data+Set.zip
B0005-D132,B0005,132,1.85649,1.36474,3.47858,33.25288,151.51834,0.73512,data/raw/nasa/battery_dataset/5. Battery Data Set/1. BatteryAgingARC-FY08Q4/B0005.mat,https://phm-datasets.s3.amazonaws.com/NASA/5.+Battery+Data+Set.zip
B0005-D133,B0005,133,1.85649,1.37539,3.48252,33.74505,151.09274,0.74086,data/raw/nasa/battery_dataset/5. Battery Data Set/1. BatteryAgingARC-FY08Q4/B0005.mat,https://phm-datasets.s3.amazonaws.com/NASA/5.+Battery+Data+Set.zip
B0005-D134,B0005,134,1.85649,1.38611,3.48868,33.88842,151.09274,0.74663,data/raw/nasa/battery_dataset/5. Battery Data Set/1. BatteryAgingARC-FY08Q4/B0005.mat,https://phm-datasets.s3.amazonaws.com/NASA/5.+Battery+Data+Set.zip
B0005-D135,B0005,135,1.85649,1.36985,3.48585,33.73538,131.27908,0.73787,data/raw/nasa/battery_dataset/5. Battery Data Set/1. BatteryAgingARC-FY08Q4/B0005.mat,https://phm-datasets.s3.amazonaws.com/NASA/5.+Battery+Data+Set.zip
B0005-D136,B0005,136,1.85649,1.36478,3.47879,33.59131,134.85495,0.73514,data/raw/nasa/battery_dataset/5. Battery Data Set/1. BatteryAgingARC-FY08Q4/B0005.mat,https://phm-datasets.s3.amazonaws.com/NASA/5.+Battery+Data+Set.zip
B0005-D137,B0005,137,1.85649,1.35432,3.48128,33.32367,135.68841,0.72951,data/raw/nasa/battery_dataset/5. Battery Data Set/1. BatteryAgingARC-FY08Q4/B0005.mat,https://phm-datasets.s3.amazonaws.com/NASA/5.+Battery+Data+Set.zip
B0005-D138,B0005,138,1.85649,1.35464,3.48035,33.69196,138.1525,0.72968,data/raw/nasa/battery_dataset/5. Battery Data Set/1. BatteryAgingARC-FY08Q4/B0005.mat,https://phm-datasets.s3.amazonaws.com/NASA/5.+Battery+Data+Set.zip
B0005-D139,B0005,139,1.85649,1.3547,3.47811,33.88764,138.71588,0.72971,data/raw/nasa/battery_dataset/5. Battery Data Set/1. BatteryAgingARC-FY08Q4/B0005.mat,https://phm-datasets.s3.amazonaws.com/NASA/5.+Battery+Data+Set.zip
B0005-D140,B0005,140,1.85649,1.34931,3.47659,33.67308,138.33375,0.72681,data/raw/nasa/battery_dataset/5. Battery Data Set/1. BatteryAgingARC-FY08Q4/B0005.mat,https://phm-datasets.s3.amazonaws.com/NASA/5.+Battery+Data+Set.zip
B0005-D141,B0005,141,1.85649,1.34419,3.47338,33.41199,137.45415,0.72405,data/raw/nasa/battery_dataset/5. Battery Data Set/1. BatteryAgingARC-FY08Q4/B0005.mat,https://phm-datasets.s3.amazonaws.com/NASA/5.+Battery+Data+Set.zip
B0005-D142,B0005,142,1.85649,1.33899,3.47264,33.29927,139.49093,0.72125,data/raw/nasa/battery_dataset/5. Battery Data Set/1. BatteryAgingARC-FY08Q4/B0005.mat,https://phm-datasets.s3.amazonaws.com/NASA/5.+Battery+Data+Set.zip
B0005-D143,B0005,143,1.85649,1.33891,3.47344,33.59981,138.74464,0.72121,data/raw/nasa/battery_dataset/5. Battery Data Set/1. BatteryAgingARC-FY08Q4/B0005.mat,https://phm-datasets.s3.amazonaws.com/NASA/5.+Battery+Data+Set.zip
B0005-D144,B0005,144,1.85649,1.33401,3.47548,33.61961,139.70275,0.71856,data/raw/nasa/battery_dataset/5. Battery Data Set/1. BatteryAgingARC-FY08Q4/B0005.mat,https://phm-datasets.s3.amazonaws.com/NASA/5.+Battery+Data+Set.zip
B0005-D145,B0005,145,1.85649,1.32864,3.47229,33.39452,138.72204,0.71568,data/raw/nasa/battery_dataset/5. Battery Data Set/1. BatteryAgingARC-FY08Q4/B0005.mat,https://phm-datasets.s3.amazonaws.com/NASA/5.+Battery+Data+Set.zip
B0005-D146,B0005,146,1.85649,1.32317,3.47137,33.16735,138.93429,0.71273,data/raw/nasa/battery_dataset/5. Battery Data Set/1. BatteryAgingARC-FY08Q4/B0005.mat,https://phm-datasets.s3.amazonaws.com/NASA/5.+Battery+Data+Set.zip
B0005-D147,B0005,147,1.85649,1.31817,3.47262,33.10962,137.82987,0.71003,data/raw/nasa/battery_dataset/5. Battery Data Set/1. BatteryAgingARC-FY08Q4/B0005.mat,https://phm-datasets.s3.amazonaws.com/NASA/5.+Battery+Data+Set.zip
B0005-D148,B0005,148,1.85649,1.31847,3.47381,33.46502,139.32871,0.71019,data/raw/nasa/battery_dataset/5. Battery Data Set/1. BatteryAgingARC-FY08Q4/B0005.mat,https://phm-datasets.s3.amazonaws.com/NASA/5.+Battery+Data+Set.zip
B0005-D149,B0005,149,1.85649,1.31829,3.47014,33.44262,136.75061,0.7101,data/raw/nasa/battery_dataset/5. Battery Data Set/1. BatteryAgingARC-FY08Q4/B0005.mat,https://phm-datasets.s3.amazonaws.com/NASA/5.+Battery+Data+Set.zip
B0005-D150,B0005,150,1.85649,1.32387,3.46752,33.03793,146.9141,0.71311,data/raw/nasa/battery_dataset/5. Battery Data Set/1. BatteryAgingARC-FY08Q4/B0005.mat,https://phm-datasets.s3.amazonaws.com/NASA/5.+Battery+Data+Set.zip
B0005-D151,B0005,151,1.85649,1.36012,3.47675,33.49495,140.16151,0.73263,data/raw/nasa/battery_dataset/5. Battery Data Set/1. BatteryAgingARC-FY08Q4/B0005.mat,https://phm-datasets.s3.amazonaws.com/NASA/5.+Battery+Data+Set.zip
B0005-D152,B0005,152,1.85649,1.33953,3.4759,33.49136,146.38776,0.72154,data/raw/nasa/battery_dataset/5. Battery Data Set/1. BatteryAgingARC-FY08Q4/B0005.mat,https://phm-datasets.s3.amazonaws.com/NASA/5.+Battery+Data+Set.zip
B0005-D153,B0005,153,1.85649,1.32903,3.47581,33.32981,146.73171,0.71588,data/raw/nasa/battery_dataset/5. Battery Data Set/1. BatteryAgingARC-FY08Q4/B0005.mat,https://phm-datasets.s3.amazonaws.com/NASA/5.+Battery+Data+Set.zip
B0005-D154,B0005,154,1.85649,1.32367,3.47466,33.27303,147.04028,0.713,data/raw/nasa/battery_dataset/5. Battery Data Set/1. BatteryAgingARC-FY08Q4/B0005.mat,https://phm-datasets.s3.amazonaws.com/NASA/5.+Battery+Data+Set.zip
B0005-D155,B0005,155,1.85649,1.31863,3.4723,33.22988,147.95386,0.71028,data/raw/nasa/battery_dataset/5. Battery Data Set/1. BatteryAgingARC-FY08Q4/B0005.mat,https://phm-datasets.s3.amazonaws.com/NASA/5.+Battery+Data+Set.zip
B0005-D156,B0005,156,1.85649,1.31348,3.47293,33.20861,145.5204,0.70751,data/raw/nasa/battery_dataset/5. Battery Data Set/1. BatteryAgingARC-FY08Q4/B0005.mat,https://phm-datasets.s3.amazonaws.com/NASA/5.+Battery+Data+Set.zip
B0005-D157,B0005,157,1.85649,1.3132,3.46962,33.23612,146.38472,0.70736,data/raw/nasa/battery_dataset/5. Battery Data Set/1. BatteryAgingARC-FY08Q4/B0005.mat,https://phm-datasets.s3.amazonaws.com/NASA/5.+Battery+Data+Set.zip
B0005-D158,B0005,158,1.85649,1.3078,3.47002,33.1866,145.87142,0.70445,data/raw/nasa/battery_dataset/5. Battery Data Set/1. BatteryAgingARC-FY08Q4/B0005.mat,https://phm-datasets.s3.amazonaws.com/NASA/5.+Battery+Data+Set.zip
B0005-D159,B0005,159,1.85649,1.30303,3.47076,33.17406,147.7743,0.70188,data/raw/nasa/battery_dataset/5. Battery Data Set/1. BatteryAgingARC-FY08Q4/B0005.mat,https://phm-datasets.s3.amazonaws.com/NASA/5.+Battery+Data+Set.zip
B0005-D160,B0005,160,1.85649,1.30336,3.46811,33.25398,148.22166,0.70206,data/raw/nasa/battery_dataset/5. Battery Data Set/1. BatteryAgingARC-FY08Q4/B0005.mat,https://phm-datasets.s3.amazonaws.com/NASA/5.+Battery+Data+Set.zip
B0005-D161,B0005,161,1.85649,1.30341,3.46486,33.31981,148.05739,0.70208,data/raw/nasa/battery_dataset/5. Battery Data Set/1. BatteryAgingARC-FY08Q4/B0005.mat,https://phm-datasets.s3.amazonaws.com/NASA/5.+Battery+Data+Set.zip
B0005-D162,B0005,162,1.85649,1.29789,3.46786,33.33766,148.3648,0.69911,data/raw/nasa/battery_dataset/5. Battery Data Set/1. BatteryAgingARC-FY08Q4/B0005.mat,https://phm-datasets.s3.amazonaws.com/NASA/5.+Battery+Data+Set.zip
B0005-D163,B0005,163,1.85649,1.29807,3.46402,33.29077,146.84959,0.69921,data/raw/nasa/battery_dataset/5. Battery Data Set/1. BatteryAgingARC-FY08Q4/B0005.mat,https://phm-datasets.s3.amazonaws.com/NASA/5.+Battery+Data+Set.zip
B0005-D164,B0005,164,1.85649,1.29346,3.46646,33.27569,146.48058,0.69673,data/raw/nasa/battery_dataset/5. Battery Data Set/1. BatteryAgingARC-FY08Q4/B0005.mat,https://phm-datasets.s3.amazonaws.com/NASA/5.+Battery+Data+Set.zip
B0005-D165,B0005,165,1.85649,1.288,3.46851,33.32068,144.7253,0.69379,data/raw/nasa/battery_dataset/5. Battery Data Set/1. BatteryAgingARC-FY08Q4/B0005.mat,https://phm-datasets.s3.amazonaws.com/NASA/5.+Battery+Data+Set.zip
B0005-D166,B0005,166,1.85649,1.28745,3.46681,33.37315,145.05419,0.69349,data/raw/nasa/battery_dataset/5. Battery Data Set/1. BatteryAgingARC-FY08Q4/B0005.mat,https://phm-datasets.s3.amazonaws.com/NASA/5.+Battery+Data+Set.zip
B0005-D167,B0005,167,1.85649,1.30902,3.47107,33.71352,147.58062,0.7051,data/raw/nasa/battery_dataset/5. Battery Data Set/1. BatteryAgingARC-FY08Q4/B0005.mat,https://phm-datasets.s3.amazonaws.com/NASA/5.+Battery+Data+Set.zip
B0005-D168,B0005,168,1.85649,1.32508,3.47547,33.86532,124.82808,0.71376,data/raw/nasa/battery_dataset/5. Battery Data Set/1. BatteryAgingARC-FY08Q4/B0005.mat,https://phm-datasets.s3.amazonaws.com/NASA/5.+Battery+Data+Set.zip
B0006-D001,B0006,1,2.03534,2.03534,3.55695,32.14278,139.77513,1.0,data/raw/nasa/battery_dataset/5. Battery Data Set/1. BatteryAgingARC-FY08Q4/B0006.mat,https://phm-datasets.s3.amazonaws.com/NASA/5.+Battery+Data+Set.zip
B0006-D002,B0006,2,2.03534,2.02514,3.56148,32.29308,139.77513,0.99499,data/raw/nasa/battery_dataset/5. Battery Data Set/1. BatteryAgingARC-FY08Q4/B0006.mat,https://phm-datasets.s3.amazonaws.com/NASA/5.+Battery+Data+Set.zip
B0006-D003,B0006,3,2.03534,2.01333,3.56675,32.24415,139.77513,0.98919,data/raw/nasa/battery_dataset/5. Battery Data Set/1. BatteryAgingARC-FY08Q4/B0006.mat,https://phm-datasets.s3.amazonaws.com/NASA/5.+Battery+Data+Set.zip
B0006-D004,B0006,4,2.03534,2.01328,3.5688,32.14712,139.77513,0.98916,data/raw/nasa/battery_dataset/5. Battery Data Set/1. BatteryAgingARC-FY08Q4/B0006.mat,https://phm-datasets.s3.amazonaws.com/NASA/5.+Battery+Data+Set.zip
B0006-D005,B0006,5,2.03534,2.00053,3.56397,32.06687,139.77513,0.9829,data/raw/nasa/battery_dataset/5. Battery Data Set/1. BatteryAgingARC-FY08Q4/B0006.mat,https://phm-datasets.s3.amazonaws.com/NASA/5.+Battery+Data+Set.zip
B0006-D006,B0006,6,2.03534,2.0139,3.57355,32.03448,139.77513,0.98947,data/raw/nasa/battery_dataset/5. Battery Data Set/1. BatteryAgingARC-FY08Q4/B0006.mat,https://phm-datasets.s3.amazonaws.com/NASA/5.+Battery+Data+Set.zip
B0006-D007,B0006,7,2.03534,2.0131,3.57114,32.11157,139.77513,0.98907,data/raw/nasa/battery_dataset/5. Battery Data Set/1. BatteryAgingARC-FY08Q4/B0006.mat,https://phm-datasets.s3.amazonaws.com/NASA/5.+Battery+Data+Set.zip
B0006-D008,B0006,8,2.03534,1.96879,3.56815,32.11258,139.77513,0.9673,data/raw/nasa/battery_dataset/5. Battery Data Set/1. BatteryAgingARC-FY08Q4/B0006.mat,https://phm-datasets.s3.amazonaws.com/NASA/5.+Battery+Data+Set.zip
B0006-D009,B0006,9,2.03534,1.96817,3.56928,32.03566,139.77513,0.967,data/raw/nasa/battery_dataset/5. Battery Data Set/1. BatteryAgingARC-FY08Q4/B0006.mat,https://phm-datasets.s3.amazonaws.com/NASA/5.+Battery+Data+Set.zip
B0006-D010,B0006,10,2.03534,1.95723,3.56339,31.99528,139.77513,0.96162,data/raw/nasa/battery_dataset/5. Battery Data Set/1. BatteryAgingARC-FY08Q4/B0006.mat,https://phm-datasets.s3.amazonaws.com/NASA/5.+Battery+Data+Set.zip
B0006-D011,B0006,11,2.03534,1.9456,3.56666,31.87413,139.77513,0.95591,data/raw/nasa/battery_dataset/5. Battery Data Set/1. BatteryAgingARC-FY08Q4/B0006.mat,https://phm-datasets.s3.amazonaws.com/NASA/5.+Battery+Data+Set.zip
B0006-D012,B0006,12,2.03534,1.93475,3.5687,32.12096,139.77513,0.95058,data/raw/nasa/battery_dataset/5. Battery Data Set/1. BatteryAgingARC-FY08Q4/B0006.mat,https://phm-datasets.s3.amazonaws.com/NASA/5.+Battery+Data+Set.zip
B0006-D013,B0006,13,2.03534,1.92328,3.56921,32.11021,139.77513,0.94494,data/raw/nasa/battery_dataset/5. Battery Data Set/1. BatteryAgingARC-FY08Q4/B0006.mat,https://phm-datasets.s3.amazonaws.com/NASA/5.+Battery+Data+Set.zip
B0006-D014,B0006,14,2.03534,1.91189,3.56593,31.98906,139.77513,0.93935,data/raw/nasa/battery_dataset/5. Battery Data Set/1. BatteryAgingARC-FY08Q4/B0006.mat,https://phm-datasets.s3.amazonaws.com/NASA/5.+Battery+Data+Set.zip
B0006-D015,B0006,15,2.03534,1.90107,3.56124,31.87881,139.77513,0.93403,data/raw/nasa/battery_dataset/5. Battery Data Set/1. BatteryAgingARC-FY08Q4/B0006.mat,https://phm-datasets.s3.amazonaws.com/NASA/5.+Battery+Data+Set.zip
B0006-D016,B0006,16,2.03534,1.8892,3.55788,31.76745,139.77513,0.9282,data/raw/nasa/battery_dataset/5. Battery Data Set/1. BatteryAgingARC-FY08Q4/B0006.mat,https://phm-datasets.s3.amazonaws.com/NASA/5.+Battery+Data+Set.zip
B0006-D017,B0006,17,2.03534,1.87828,3.56282,31.78992,139.77513,0.92283,data/raw/nasa/battery_dataset/5. Battery Data Set/1. BatteryAgingARC-FY08Q4/B0006.mat,https://phm-datasets.s3.amazonaws.com/NASA/5.+Battery+Data+Set.zip
B0006-D018,B0006,18,2.03534,1.86757,3.5592,31.82883,139.77513,0.91757,data/raw/nasa/battery_dataset/5. Battery Data Set/1. BatteryAgingARC-FY08Q4/B0006.mat,https://phm-datasets.s3.amazonaws.com/NASA/5.+Battery+Data+Set.zip
B0006-D019,B0006,19,2.03534,1.86759,3.55809,31.89045,139.77513,0.91758,data/raw/nasa/battery_dataset/5. Battery Data Set/1. BatteryAgingARC-FY08Q4/B0006.mat,https://phm-datasets.s3.amazonaws.com/NASA/5.+Battery+Data+Set.zip
B0006-D020,B0006,20,2.03534,1.97963,3.5659,31.51177,139.77513,0.97263,data/raw/nasa/battery_dataset/5. Battery Data Set/1. BatteryAgingARC-FY08Q4/B0006.mat,https://phm-datasets.s3.amazonaws.com/NASA/5.+Battery+Data+Set.zip
B0006-D021,B0006,21,2.03534,1.95755,3.57081,31.87449,138.65401,0.96178,data/raw/nasa/battery_dataset/5. Battery Data Set/1. BatteryAgingARC-FY08Q4/B0006.mat,https://phm-datasets.s3.amazonaws.com/NASA/5.+Battery+Data+Set.zip
B0006-D022,B0006,22,2.03534,1.94582,3.56668,31.53911,139.26227,0.95602,data/raw/nasa/battery_dataset/5. Battery Data Set/1. BatteryAgingARC-FY08Q4/B0006.mat,https://phm-datasets.s3.amazonaws.com/NASA/5.+Battery+Data+Set.zip
B0006-D023,B0006,23,2.03534,1.92425,3.56684,31.22087,138.13544,0.94542,data/raw/nasa/battery_dataset/5. Battery Data Set/1. BatteryAgingARC-FY08Q4/B0006.mat,https://phm-datasets.s3.amazonaws.com/NASA/5.+Battery+Data+Set.zip
B0006-D024,B0006,24,2.03534,1.94598,3.57105,31.11901,137.08702,0.9561,data/raw/nasa/battery_dataset/5. Battery Data Set/1. BatteryAgingARC-FY08Q4/B0006.mat,https://phm-datasets.s3.amazonaws.com/NASA/5.+Battery+Data+Set.zip
B0006-D025,B0006,25,2.03534,1.90141,3.56663,31.03324,139.97881,0.9342,data/raw/nasa/battery_dataset/5. Battery Data Set/1. BatteryAgingARC-FY08Q4/B0006.mat,https://phm-datasets.s3.amazonaws.com/NASA/5.+Battery+Data+Set.zip
B0006-D026,B0006,26,2.03534,1.87867,3.55274,31.00125,139.9296,0.92303,data/raw/nasa/battery_dataset/5. Battery Data Set/1. BatteryAgingARC-FY08Q4/B0006.mat,https://phm-datasets.s3.amazonaws.com/NASA/5.+Battery+Data+Set.zip
B0006-D027,B0006,27,2.03534,1.86831,3.5561,30.92143,138.59445,0.91793,data/raw/nasa/battery_dataset/5. Battery Data Set/1. BatteryAgingARC-FY08Q4/B0006.mat,https://phm-datasets.s3.amazonaws.com/NASA/5.+Battery+Data+Set.zip
B0006-D028,B0006,28,2.03534,1.85602,3.55045,30.92936,140.48255,0.9119,data/raw/nasa/battery_dataset/5. Battery Data Set/1. BatteryAgingARC-FY08Q4/B0006.mat,https://phm-datasets.s3.amazonaws.com/NASA/5.+Battery+Data+Set.zip
B0006-D029,B0006,29,2.03534,1.8452,3.54601,31.00811,140.65744,0.90658,data/raw/nasa/battery_dataset/5. Battery Data Set/1. BatteryAgingARC-FY08Q4/B0006.mat,https://phm-datasets.s3.amazonaws.com/NASA/5.+Battery+Data+Set.zip
B0006-D030,B0006,30,2.03534,1.85723,3.55426,30.96779,140.51422,0.91249,data/raw/nasa/battery_dataset/5. Battery Data Set/1. BatteryAgingARC-FY08Q4/B0006.mat,https://phm-datasets.s3.amazonaws.com/NASA/5.+Battery+Data+Set.zip
B0006-D031,B0006,31,2.03534,1.92478,3.55586,31.10097,145.07371,0.94568,data/raw/nasa/battery_dataset/5. Battery Data Set/1. BatteryAgingARC-FY08Q4/B0006.mat,https://phm-datasets.s3.amazonaws.com/NASA/5.+Battery+Data+Set.zip
B0006-D032,B0006,32,2.03534,1.88223,3.55373,31.30737,142.53172,0.92478,data/raw/nasa/battery_dataset/5. Battery Data Set/1. BatteryAgingARC-FY08Q4/B0006.mat,https://phm-datasets.s3.amazonaws.com/NASA/5.+Battery+Data+Set.zip
B0006-D033,B0006,33,2.03534,1.85528,3.54527,31.13134,143.09928,0.91153,data/raw/nasa/battery_dataset/5. Battery Data Set/1. BatteryAgingARC-FY08Q4/B0006.mat,https://phm-datasets.s3.amazonaws.com/NASA/5.+Battery+Data+Set.zip
B0006-D034,B0006,34,2.03534,1.83925,3.53841,30.82871,143.21807,0.90366,data/raw/nasa/battery_dataset/5. Battery Data Set/1. BatteryAgingARC-FY08Q4/B0006.mat,https://phm-datasets.s3.amazonaws.com/NASA/5.+Battery+Data+Set.zip
B0006-D035,B0006,35,2.03534,1.81854,3.52977,30.76153,143.3864,0.89348,data/raw/nasa/battery_dataset/5. Battery Data Set/1. BatteryAgingARC-FY08Q4/B0006.mat,https://phm-datasets.s3.amazonaws.com/NASA/5.+Battery+Data+Set.zip
B0006-D036,B0006,36,2.03534,1.81348,3.53007,31.30306,144.19531,0.891,data/raw/nasa/battery_dataset/5. Battery Data Set/1. BatteryAgingARC-FY08Q4/B0006.mat,https://phm-datasets.s3.amazonaws.com/NASA/5.+Battery+Data+Set.zip
B0006-D037,B0006,37,2.03534,1.7971,3.52489,31.06432,143.32999,0.88295,data/raw/nasa/battery_dataset/5. Battery Data Set/1. BatteryAgingARC-FY08Q4/B0006.mat,https://phm-datasets.s3.amazonaws.com/NASA/5.+Battery+Data+Set.zip
B0006-D038,B0006,38,2.03534,1.781,3.51909,30.96655,143.03454,0.87504,data/raw/nasa/battery_dataset/5. Battery Data Set/1. BatteryAgingARC-FY08Q4/B0006.mat,https://phm-datasets.s3.amazonaws.com/NASA/5.+Battery+Data+Set.zip
B0006-D039,B0006,39,2.03534,1.77101,3.51518,30.82646,146.29853,0.87013,data/raw/nasa/battery_dataset/5. Battery Data Set/1. BatteryAgingARC-FY08Q4/B0006.mat,https://phm-datasets.s3.amazonaws.com/NASA/5.+Battery+Data+Set.zip
B0006-D040,B0006,40,2.03534,1.76047,3.51403,31.08077,147.35306,0.86495,data/raw/nasa/battery_dataset/5. Battery Data Set/1. BatteryAgingARC-FY08Q4/B0006.mat,https://phm-datasets.s3.amazonaws.com/NASA/5.+Battery+Data+Set.zip
B0006-D041,B0006,41,2.03534,1.75029,3.51414,31.69429,142.96104,0.85995,data/raw/nasa/battery_dataset/5. Battery Data Set/1. BatteryAgingARC-FY08Q4/B0006.mat,https://phm-datasets.s3.amazonaws.com/NASA/5.+Battery+Data+Set.zip
B0006-D042,B0006,42,2.03534,1.73949,3.50958,31.87558,146.0833,0.85465,data/raw/nasa/battery_dataset/5. Battery Data Set/1. BatteryAgingARC-FY08Q4/B0006.mat,https://phm-datasets.s3.amazonaws.com/NASA/5.+Battery+Data+Set.zip
B0006-D043,B0006,43,2.03534,1.75468,3.51107,31.54329,144.51184,0.86211,data/raw/nasa/battery_dataset/5. Battery Data Set/1. BatteryAgingARC-FY08Q4/B0006.mat,https://phm-datasets.s3.amazonaws.com/NASA/5.+Battery+Data+Set.zip
B0006-D044,B0006,44,2.03534,1.76594,3.51592,31.42098,147.79569,0.86764,data/raw/nasa/battery_dataset/5. Battery Data Set/1. BatteryAgingARC-FY08Q4/B0006.mat,https://phm-datasets.s3.amazonaws.com/NASA/5.+Battery+Data+Set.zip
B0006-D045,B0006,45,2.03534,1.73379,3.50585,31.15837,145.22284,0.85184,data/raw/nasa/battery_dataset/5. Battery Data Set/1. BatteryAgingARC-FY08Q4/B0006.mat,https://phm-datasets.s3.amazonaws.com/NASA/5.+Battery+Data+Set.zip
B0006-D046,B0006,46,2.03534,1.71333,3.50104,31.15661,146.77497,0.84179,data/raw/nasa/battery_dataset/5. Battery Data Set/1. BatteryAgingARC-FY08Q4/B0006.mat,https://phm-datasets.s3.amazonaws.com/NASA/5.+Battery+Data+Set.zip
B0006-D047,B0006,47,2.03534,1.70241,3.49741,31.20661,146.58751,0.83643,data/raw/nasa/battery_dataset/5. Battery Data Set/1. BatteryAgingARC-FY08Q4/B0006.mat,https://phm-datasets.s3.amazonaws.com/NASA/5.+Battery+Data+Set.zip
B0006-D048,B0006,48,2.03534,1.82372,3.53889,33.61169,148.04423,0.89603,data/raw/nasa/battery_dataset/5. Battery Data Set/1. BatteryAgingARC-FY08Q4/B0006.mat,https://phm-datasets.s3.amazonaws.com/NASA/5.+Battery+Data+Set.zip
B0006-D049,B0006,49,2.03534,1.80813,3.53274,32.8563,144.91476,0.88837,data/raw/nasa/battery_dataset/5. Battery Data Set/1. BatteryAgingARC-FY08Q4/B0006.mat,https://phm-datasets.s3.amazonaws.com/NASA/5.+Battery+Data+Set.zip
B0006-D050,B0006,50,2.03534,1.77576,3.52121,32.21098,146.0498,0.87247,data/raw/nasa/battery_dataset/5. Battery Data Set/1. BatteryAgingARC-FY08Q4/B0006.mat,https://phm-datasets.s3.amazonaws.com/NASA/5.+Battery+Data+Set.zip
B0006-D051,B0006,51,2.03534,1.74474,3.50931,31.96509,145.05312,0.85722,data/raw/nasa/battery_dataset/5. Battery Data Set/1. BatteryAgingARC-FY08Q4/B0006.mat,https://phm-datasets.s3.amazonaws.com/NASA/5.+Battery+Data+Set.zip
B0006-D052,B0006,52,2.03534,1.72921,3.50716,31.7448,146.63698,0.84959,data/raw/nasa/battery_dataset/5. Battery Data Set/1. BatteryAgingARC-FY08Q4/B0006.mat,https://phm-datasets.s3.amazonaws.com/NASA/5.+Battery+Data+Set.zip
B0006-D053,B0006,53,2.03534,1.70811,3.50093,31.87656,148.45145,0.83923,data/raw/nasa/battery_dataset/5. Battery Data Set/1. BatteryAgingARC-FY08Q4/B0006.mat,https://phm-datasets.s3.amazonaws.com/NASA/5.+Battery+Data+Set.zip
B0006-D054,B0006,54,2.03534,1.6976,3.4973,32.24289,147.73811,0.83406,data/raw/nasa/battery_dataset/5. Battery Data Set/1. BatteryAgingARC-FY08Q4/B0006.mat,https://phm-datasets.s3.amazonaws.com/NASA/5.+Battery+Data+Set.zip
B0006-D055,B0006,55,2.03534,1.68206,3.4929,32.07306,149.95518,0.82643,data/raw/nasa/battery_dataset/5. Battery Data Set/1. BatteryAgingARC-FY08Q4/B0006.mat,https://phm-datasets.s3.amazonaws.com/NASA/5.+Battery+Data+Set.zip
B0006-D056,B0006,56,2.03534,1.67148,3.48866,32.03014,147.78008,0.82123,data/raw/nasa/battery_dataset/5. Battery Data Set/1. BatteryAgingARC-FY08Q4/B0006.mat,https://phm-datasets.s3.amazonaws.com/NASA/5.+Battery+Data+Set.zip
B0006-D057,B0006,57,2.03534,1.66076,3.48229,31.98494,151.33589,0.81596,data/raw/nasa/battery_dataset/5. Battery Data Set/1. BatteryAgingARC-FY08Q4/B0006.mat,https://phm-datasets.s3.amazonaws.com/NASA/5.+Battery+Data+Set.zip
B0006-D058,B0006,58,2.03534,1.65112,3.47758,32.23677,153.28218,0.81123,data/raw/nasa/battery_dataset/5. Battery Data Set/1. BatteryAgingARC-FY08Q4/B0006.mat,https://phm-datasets.s3.amazonaws.com/NASA/5.+Battery+Data+Set.zip
B0006-D059,B0006,59,2.03534,1.64013,3.47874,32.56097,153.54671,0.80583,data/raw/nasa/battery_dataset/5. Battery Data Set/1. BatteryAgingARC-FY08Q4/B0006.mat,https://phm-datasets.s3.amazonaws.com/NASA/5.+Battery+Data+Set.zip
B0006-D060,B0006,60,2.03534,1.6292,3.47402,32.48985,153.0383,0.80046,data/raw/nasa/battery_dataset/5. Battery Data Set/1. BatteryAgingARC-FY08Q4/B0006.mat,https://phm-datasets.s3.amazonaws.com/NASA/5.+Battery+Data+Set.zip
B0006-D061,B0006,61,2.03534,1.60885,3.47184,32.42612,153.61909,0.79046,data/raw/nasa/battery_dataset/5. Battery Data Set/1. BatteryAgingARC-FY08Q4/B0006.mat,https://phm-datasets.s3.amazonaws.com/NASA/5.+Battery+Data+Set.zip
B0006-D062,B0006,62,2.03534,1.60352,3.46318,32.29984,154.11133,0.78784,data/raw/nasa/battery_dataset/5. Battery Data Set/1. BatteryAgingARC-FY08Q4/B0006.mat,https://phm-datasets.s3.amazonaws.com/NASA/5.+Battery+Data+Set.zip
B0006-D063,B0006,63,2.03534,1.59897,3.46347,32.61076,156.22682,0.7856,data/raw/nasa/battery_dataset/5. Battery Data Set/1. BatteryAgingARC-FY08Q4/B0006.mat,https://phm-datasets.s3.amazonaws.com/NASA/5.+Battery+Data+Set.zip
B0006-D064,B0006,64,2.03534,1.58763,3.46022,32.25699,155.32346,0.78003,data/raw/nasa/battery_dataset/5. Battery Data Set/1. BatteryAgingARC-FY08Q4/B0006.mat,https://phm-datasets.s3.amazonaws.com/NASA/5.+Battery+Data+Set.zip
B0006-D065,B0006,65,2.03534,1.58297,3.46257,32.47193,157.22263,0.77774,data/raw/nasa/battery_dataset/5. Battery Data Set/1. BatteryAgingARC-FY08Q4/B0006.mat,https://phm-datasets.s3.amazonaws.com/NASA/5.+Battery+Data+Set.zip
B0006-D066,B0006,66,2.03534,1.56714,3.45371,32.40219,155.91621,0.76996,data/raw/nasa/battery_dataset/5. Battery Data Set/1. BatteryAgingARC-FY08Q4/B0006.mat,https://phm-datasets.s3.amazonaws.com/NASA/5.+Battery+Data+Set.zip
B0006-D067,B0006,67,2.03534,1.56134,3.4514,32.30987,156.6789,0.76712,data/raw/nasa/battery_dataset/5. Battery Data Set/1. BatteryAgingARC-FY08Q4/B0006.mat,https://phm-datasets.s3.amazonaws.com/NASA/5.+Battery+Data+Set.zip
B0006-D068,B0006,68,2.03534,1.55117,3.45078,32.35441,158.49672,0.76212,data/raw/nasa/battery_dataset/5. Battery Data Set/1. BatteryAgingARC-FY08Q4/B0006.mat,https://phm-datasets.s3.amazonaws.com/NASA/5.+Battery+Data+Set.zip
B0006-D069,B0006,69,2.03534,1.54067,3.44611,32.47314,158.65435,0.75696,data/raw/nasa/battery_dataset/5. Battery Data Set/1. BatteryAgingARC-FY08Q4/B0006.mat,https://phm-datasets.s3.amazonaws.com/NASA/5.+Battery+Data+Set.zip
B0006-D070,B0006,70,2.03534,1.52531,3.44182,32.52335,160.2968,0.74942,data/raw/nasa/battery_dataset/5. Battery Data Set/1. BatteryAgingARC-FY08Q4/B0006.mat,https://phm-datasets.s3.amazonaws.com/NASA/5.+Battery+Data+Set.zip
B0006-D071,B0006,71,2.03534,1.53016,3.44501,32.51826,160.35024,0.7518,data/raw/nasa/battery_dataset/5. Battery Data Set/1. BatteryAgingARC-FY08Q4/B0006.mat,https://phm-datasets.s3.amazonaws.com/NASA/5.+Battery+Data+Set.zip
B0006-D072,B0006,72,2.03534,1.52466,3.44116,32.54371,161.43362,0.74909,data/raw/nasa/battery_dataset/5. Battery Data Set/1. BatteryAgingARC-FY08Q4/B0006.mat,https://phm-datasets.s3.amazonaws.com/NASA/5.+Battery+Data+Set.zip
B0006-D073,B0006,73,2.03534,1.51455,3.44362,32.56222,162.55743,0.74413,data/raw/nasa/battery_dataset/5. Battery Data Set/1. BatteryAgingARC-FY08Q4/B0006.mat,https://phm-datasets.s3.amazonaws.com/NASA/5.+Battery+Data+Set.zip
B0006-D074,B0006,74,2.03534,1.50939,3.43994,32.58978,162.58645,0.74159,data/raw/nasa/battery_dataset/5. Battery Data Set/1. BatteryAgingARC-FY08Q4/B0006.mat,https://phm-datasets.s3.amazonaws.com/NASA/5.+Battery+Data+Set.zip
B0006-D075,B0006,75,2.03534,1.504,3.43603,32.5709,163.71219,0.73894,data/raw/nasa/battery_dataset/5. Battery Data Set/1. BatteryAgingARC-FY08Q4/B0006.mat,https://phm-datasets.s3.amazonaws.com/NASA/5.+Battery+Data+Set.zip
B0006-D076,B0006,76,2.03534,1.49352,3.43631,32.53785,161.69212,0.73379,data/raw/nasa/battery_dataset/5. Battery Data Set/1. BatteryAgingARC-FY08Q4/B0006.mat,https://phm-datasets.s3.amazonaws.com/NASA/5.+Battery+Data+Set.zip
B0006-D077,B0006,77,2.03534,1.48763,3.43047,32.65645,165.21673,0.7309,data/raw/nasa/battery_dataset/5. Battery Data Set/1. BatteryAgingARC-FY08Q4/B0006.mat,https://phm-datasets.s3.amazonaws.com/NASA/5.+Battery+Data+Set.zip
B0006-D078,B0006,78,2.03534,1.53029,3.44173,33.18079,163.00405,0.75186,data/raw/nasa/battery_dataset/5. Battery Data Set/1. BatteryAgingARC-FY08Q4/B0006.mat,https://phm-datasets.s3.amazonaws.com/NASA/5.+Battery+Data+Set.zip
B0006-D079,B0006,79,2.03534,1.50408,3.43554,32.71221,164.53058,0.73898,data/raw/nasa/battery_dataset/5. Battery Data Set/1. BatteryAgingARC-FY08Q4/B0006.mat,https://phm-datasets.s3.amazonaws.com/NASA/5.+Battery+Data+Set.zip
B0006-D080,B0006,80,2.03534,1.48876,3.42723,32.54394,164.6524,0.73146,data/raw/nasa/battery_dataset/5. Battery Data Set/1. BatteryAgingARC-FY08Q4/B0006.mat,https://phm-datasets.s3.amazonaws.com/NASA/5.+Battery+Data+Set.zip
B0006-D081,B0006,81,2.03534,1.47828,3.43075,32.66554,165.98077,0.72631,data/raw/nasa/battery_dataset/5. Battery Data Set/1. BatteryAgingARC-FY08Q4/B0006.mat,https://phm-datasets.s3.amazonaws.com/NASA/5.+Battery+Data+Set.zip
B0006-D082,B0006,82,2.03534,1.47846,3.43088,33.16092,165.62289,0.7264,data/raw/nasa/battery_dataset/5. Battery Data Set/1. BatteryAgingARC-FY08Q4/B0006.mat,https://phm-datasets.s3.amazonaws.com/NASA/5.+Battery+Data+Set.zip
B0006-D083,B0006,83,2.03534,1.47321,3.43198,33.41445,163.85594,0.72382,data/raw/nasa/battery_dataset/5. Battery Data Set/1. BatteryAgingARC-FY08Q4/B0006.mat,https://phm-datasets.s3.amazonaws.com/NASA/5.+Battery+Data+Set.zip
B0006-D084,B0006,84,2.03534,1.46752,3.42691,33.35417,166.24046,0.72102,data/raw/nasa/battery_dataset/5. Battery Data Set/1. BatteryAgingARC-FY08Q4/B0006.mat,https://phm-datasets.s3.amazonaws.com/NASA/5.+Battery+Data+Set.zip
B0006-D085,B0006,85,2.03534,1.45163,3.42204,33.13635,166.86281,0.71321,data/raw/nasa/battery_dataset/5. Battery Data Set/1. BatteryAgingARC-FY08Q4/B0006.mat,https://phm-datasets.s3.amazonaws.com/NASA/5.+Battery+Data+Set.zip
B0006-D086,B0006,86,2.03534,1.45192,3.42027,32.92242,168.18624,0.71336,data/raw/nasa/battery_dataset/5. Battery Data Set/1. BatteryAgingARC-FY08Q4/B0006.mat,https://phm-datasets.s3.amazonaws.com/NASA/5.+Battery+Data+Set.zip
B0006-D087,B0006,87,2.03534,1.44715,3.42482,33.20338,169.76759,0.71101,data/raw/nasa/battery_dataset/5. Battery Data Set/1. BatteryAgingARC-FY08Q4/B0006.mat,https://phm-datasets.s3.amazonaws.com/NASA/5.+Battery+Data+Set.zip
B0006-D088,B0006,88,2.03534,1.44685,3.4235,33.53395,169.11196,0.71087,data/raw/nasa/battery_dataset/5. Battery Data Set/1. BatteryAgingARC-FY08Q4/B0006.mat,https://phm-datasets.s3.amazonaws.com/NASA/5.+Battery+Data+Set.zip
B0006-D089,B0006,89,2.03534,1.44167,3.42474,33.57679,168.29535,0.70832,data/raw/nasa/battery_dataset/5. Battery Data Set/1. BatteryAgingARC-FY08Q4/B0006.mat,https://phm-datasets.s3.amazonaws.com/NASA/5.+Battery+Data+Set.zip
B0006-D090,B0006,90,2.03534,1.59359,3.4507,33.22409,167.56394,0.78296,data/raw/nasa/battery_dataset/5. Battery Data Set/1. BatteryAgingARC-FY08Q4/B0006.mat,https://phm-datasets.s3.amazonaws.com/NASA/5.+Battery+Data+Set.zip
B0006-D091,B0006,91,2.03534,1.54639,3.44805,33.37083,161.49755,0.75977,data/raw/nasa/battery_dataset/5. Battery Data Set/1. BatteryAgingARC-FY08Q4/B0006.mat,https://phm-datasets.s3.amazonaws.com/NASA/5.+Battery+Data+Set.zip
B0006-D092,B0006,92,2.03534,1.51471,3.43995,33.43367,163.35707,0.7442,data/raw/nasa/battery_dataset/5. Battery Data Set/1. BatteryAgingARC-FY08Q4/B0006.mat,https://phm-datasets.s3.amazonaws.com/NASA/5.+Battery+Data+Set.zip
B0006-D093,B0006,93,2.03534,1.49898,3.43411,33.28677,165.23696,0.73648,data/raw/nasa/battery_dataset/5. Battery Data Set/1. BatteryAgingARC-FY08Q4/B0006.mat,https://phm-datasets.s3.amazonaws.com/NASA/5.+Battery+Data+Set.zip
B0006-D094,B0006,94,2.03534,1.48311,3.43256,33.14348,166.75404,0.72868,data/raw/nasa/battery_dataset/5. Battery Data Set/1. BatteryAgingARC-FY08Q4/B0006.mat,https://phm-datasets.s3.amazonaws.com/NASA/5.+Battery+Data+Set.zip
B0006-D095,B0006,95,2.03534,1.47297,3.42706,33.11022,165.40881,0.7237,data/raw/nasa/battery_dataset/5. Battery Data Set/1. BatteryAgingARC-FY08Q4/B0006.mat,https://phm-datasets.s3.amazonaws.com/NASA/5.+Battery+Data+Set.zip
B0006-D096,B0006,96,2.03534,1.46276,3.42734,33.18992,166.95148,0.71868,data/raw/nasa/battery_dataset/5. Battery Data Set/1. BatteryAgingARC-FY08Q4/B0006.mat,https://phm-datasets.s3.amazonaws.com/NASA/5.+Battery+Data+Set.zip
B0006-D097,B0006,97,2.03534,1.45184,3.42348,33.26265,168.56794,0.71331,data/raw/nasa/battery_dataset/5. Battery Data Set/1. BatteryAgingARC-FY08Q4/B0006.mat,https://phm-datasets.s3.amazonaws.com/NASA/5.+Battery+Data+Set.zip
B0006-D098,B0006,98,2.03534,1.44687,3.4221,33.29998,169.49207,0.71087,data/raw/nasa/battery_dataset/5. Battery Data Set/1. BatteryAgingARC-FY08Q4/B0006.mat,https://phm-datasets.s3.amazonaws.com/NASA/5.+Battery+Data+Set.zip
B0006-D099,B0006,99,2.03534,1.44138,3.42188,33.31664,170.18144,0.70818,data/raw/nasa/battery_dataset/5. Battery Data Set/1. BatteryAgingARC-FY08Q4/B0006.mat,https://phm-datasets.s3.amazonaws.com/NASA/5.+Battery+Data+Set.zip
B0006-D100,B0006,100,2.03534,1.43121,3.41958,33.39151,167.79464,0.70318,data/raw/nasa/battery_dataset/5. Battery Data Set/1. BatteryAgingARC-FY08Q4/B0006.mat,https://phm-datasets.s3.amazonaws.com/NASA/5.+Battery+Data+Set.zip
B0006-D101,B0006,101,2.03534,1.42602,3.41753,33.41522,170.36894,0.70063,data/raw/nasa/battery_dataset/5. Battery Data Set/1. BatteryAgingARC-FY08Q4/B0006.mat,https://phm-datasets.s3.amazonaws.com/NASA/5.+Battery+Data+Set.zip
B0006-D102,B0006,102,2.03534,1.42049,3.41979,33.39691,169.71609,0.69791,data/raw/nasa/battery_dataset/5. Battery Data Set/1. BatteryAgingARC-FY08Q4/B0006.mat,https://phm-datasets.s3.amazonaws.com/NASA/5.+Battery+Data+Set.zip
B0006-D103,B0006,103,2.03534,1.4207,3.41714,33.73732,171.4427,0.69802,data/raw/nasa/battery_dataset/5. Battery Data Set/1. BatteryAgingARC-FY08Q4/B0006.mat,https://phm-datasets.s3.amazonaws.com/NASA/5.+Battery+Data+Set.zip
B0006-D104,B0006,104,2.03534,1.45226,3.43053,34.08965,166.31821,0.71352,data/raw/nasa/battery_dataset/5. Battery Data Set/1. BatteryAgingARC-FY08Q4/B0006.mat,https://phm-datasets.s3.amazonaws.com/NASA/5.+Battery+Data+Set.zip
B0006-D105,B0006,105,2.03534,1.43156,3.42508,33.99873,170.56233,0.70335,data/raw/nasa/battery_dataset/5. Battery Data Set/1. BatteryAgingARC-FY08Q4/B0006.mat,https://phm-datasets.s3.amazonaws.com/NASA/5.+Battery+Data+Set.zip
B0006-D106,B0006,106,2.03534,1.41502,3.41713,33.9074,171.36023,0.69522,data/raw/nasa/battery_dataset/5. Battery Data Set/1. BatteryAgingARC-FY08Q4/B0006.mat,https://phm-datasets.s3.amazonaws.com/NASA/5.+Battery+Data+Set.zip
B0006-D107,B0006,107,2.03534,1.40973,3.41752,33.70518,172.3517,0.69263,data/raw/nasa/battery_dataset/5. Battery Data Set/1. BatteryAgingARC-FY08Q4/B0006.mat,https://phm-datasets.s3.amazonaws.com/NASA/5.+Battery+Data+Set.zip
B0006-D108,B0006,108,2.03534,1.40492,3.41816,33.74588,173.39316,0.69026,data/raw/nasa/battery_dataset/5. Battery Data Set/1. BatteryAgingARC-FY08Q4/B0006.mat,https://phm-datasets.s3.amazonaws.com/NASA/5.+Battery+Data+Set.zip
B0006-D109,B0006,109,2.03534,1.39516,3.42033,34.01657,172.17464,0.68547,data/raw/nasa/battery_dataset/5. Battery Data Set/1. BatteryAgingARC-FY08Q4/B0006.mat,https://phm-datasets.s3.amazonaws.com/NASA/5.+Battery+Data+Set.zip
B0006-D110,B0006,110,2.03534,1.39453,3.41929,34.17502,171.53526,0.68516,data/raw/nasa/battery_dataset/5. Battery Data Set/1. BatteryAgingARC-FY08Q4/B0006.mat,https://phm-datasets.s3.amazonaws.com/NASA/5.+Battery+Data+Set.zip
B0006-D111,B0006,111,2.03534,1.38932,3.41435,33.97611,172.11766,0.6826,data/raw/nasa/battery_dataset/5. Battery Data Set/1. BatteryAgingARC-FY08Q4/B0006.mat,https://phm-datasets.s3.amazonaws.com/NASA/5.+Battery+Data+Set.zip
B0006-D112,B0006,112,2.03534,1.38384,3.4127,33.8415,174.65996,0.67991,data/raw/nasa/battery_dataset/5. Battery Data Set/1. BatteryAgingARC-FY08Q4/B0006.mat,https://phm-datasets.s3.amazonaws.com/NASA/5.+Battery+Data+Set.zip
B0006-D113,B0006,113,2.03534,1.37368,3.41041,34.10085,173.37372,0.67492,data/raw/nasa/battery_dataset/5. Battery Data Set/1. BatteryAgingARC-FY08Q4/B0006.mat,https://phm-datasets.s3.amazonaws.com/NASA/5.+Battery+Data+Set.zip
B0006-D114,B0006,114,2.03534,1.37861,3.41442,34.34664,174.25392,0.67734,data/raw/nasa/battery_dataset/5. Battery Data Set/1. BatteryAgingARC-FY08Q4/B0006.mat,https://phm-datasets.s3.amazonaws.com/NASA/5.+Battery+Data+Set.zip
B0006-D115,B0006,115,2.03534,1.37376,3.41317,34.21623,173.10145,0.67495,data/raw/nasa/battery_dataset/5. Battery Data Set/1. BatteryAgingARC-FY08Q4/B0006.mat,https://phm-datasets.s3.amazonaws.com/NASA/5.+Battery+Data+Set.zip
B0006-D116,B0006,116,2.03534,1.36826,3.4107,34.04162,175.01975,0.67225,data/raw/nasa/battery_dataset/5. Battery Data Set/1. BatteryAgingARC-FY08Q4/B0006.mat,https://phm-datasets.s3.amazonaws.com/NASA/5.+Battery+Data+Set.zip
B0006-D117,B0006,117,2.03534,1.3633,3.40891,33.89021,175.36455,0.66982,data/raw/nasa/battery_dataset/5. Battery Data Set/1. BatteryAgingARC-FY08Q4/B0006.mat,https://phm-datasets.s3.amazonaws.com/NASA/5.+Battery+Data+Set.zip
B0006-D118,B0006,118,2.03534,1.3581,3.41341,34.11676,173.97764,0.66726,data/raw/nasa/battery_dataset/5. Battery Data Set/1. BatteryAgingARC-FY08Q4/B0006.mat,https://phm-datasets.s3.amazonaws.com/NASA/5.+Battery+Data+Set.zip
B0006-D119,B0006,119,2.03534,1.35327,3.41122,34.49049,173.63142,0.66489,data/raw/nasa/battery_dataset/5. Battery Data Set/1. BatteryAgingARC-FY08Q4/B0006.mat,https://phm-datasets.s3.amazonaws.com/NASA/5.+Battery+Data+Set.zip
B0006-D120,B0006,120,2.03534,1.38416,3.41552,34.23745,175.01812,0.68006,data/raw/nasa/battery_dataset/5. Battery Data Set/1. BatteryAgingARC-FY08Q4/B0006.mat,https://phm-datasets.s3.amazonaws.com/NASA/5.+Battery+Data+Set.zip
B0006-D121,B0006,121,2.03534,1.40515,3.42298,34.41429,169.21928,0.69038,data/raw/nasa/battery_dataset/5. Battery Data Set/1. BatteryAgingARC-FY08Q4/B0006.mat,https://phm-datasets.s3.amazonaws.com/NASA/5.+Battery+Data+Set.zip
B0006-D122,B0006,122,2.03534,1.37872,3.41476,34.16445,176.25775,0.67739,data/raw/nasa/battery_dataset/5. Battery Data Set/1. BatteryAgingARC-FY08Q4/B0006.mat,https://phm-datasets.s3.amazonaws.com/NASA/5.+Battery+Data+Set.zip
B0006-D123,B0006,123,2.03534,1.36827,3.41436,33.87715,176.66945,0.67225,data/raw/nasa/battery_dataset/5. Battery Data Set/1. BatteryAgingARC-FY08Q4/B0006.mat,https://phm-datasets.s3.amazonaws.com/NASA/5.+Battery+Data+Set.zip
B0006-D124,B0006,124,2.03534,1.35732,3.40919,33.83957,176.06852,0.66687,data/raw/nasa/battery_dataset/5. Battery Data Set/1. BatteryAgingARC-FY08Q4/B0006.mat,https://phm-datasets.s3.amazonaws.com/NASA/5.+Battery+Data+Set.zip
B0006-D125,B0006,125,2.03534,1.35249,3.41193,33.8183,175.48296,0.66451,data/raw/nasa/battery_dataset/5. Battery Data Set/1. BatteryAgingARC-FY08Q4/B0006.mat,https://phm-datasets.s3.amazonaws.com/NASA/5.+Battery+Data+Set.zip
B0006-D126,B0006,126,2.03534,1.34741,3.40944,33.81262,177.8258,0.66201,data/raw/nasa/battery_dataset/5. Battery Data Set/1. BatteryAgingARC-FY08Q4/B0006.mat,https://phm-datasets.s3.amazonaws.com/NASA/5.+Battery+Data+Set.zip
B0006-D127,B0006,127,2.03534,1.33701,3.40819,33.79895,176.38294,0.6569,data/raw/nasa/battery_dataset/5. Battery Data Set/1. BatteryAgingARC-FY08Q4/B0006.mat,https://phm-datasets.s3.amazonaws.com/NASA/5.+Battery+Data+Set.zip
B0006-D128,B0006,128,2.03534,1.33124,3.40738,33.70272,177.79034,0.65406,data/raw/nasa/battery_dataset/5. Battery Data Set/1. BatteryAgingARC-FY08Q4/B0006.mat,https://phm-datasets.s3.amazonaws.com/NASA/5.+Battery+Data+Set.zip
B0006-D129,B0006,129,2.03534,1.32593,3.40859,33.63563,177.58574,0.65145,data/raw/nasa/battery_dataset/5. Battery Data Set/1. BatteryAgingARC-FY08Q4/B0006.mat,https://phm-datasets.s3.amazonaws.com/NASA/5.+Battery+Data+Set.zip
B0006-D130,B0006,130,2.03534,1.32158,3.40484,33.69072,178.08624,0.64932,data/raw/nasa/battery_dataset/5. Battery Data Set/1. BatteryAgingARC-FY08Q4/B0006.mat,https://phm-datasets.s3.amazonaws.com/NASA/5.+Battery+Data+Set.zip
B0006-D131,B0006,131,2.03534,1.32123,3.40811,33.71317,178.7554,0.64914,data/raw/nasa/battery_dataset/5. Battery Data Set/1. BatteryAgingARC-FY08Q4/B0006.mat,https://phm-datasets.s3.amazonaws.com/NASA/5.+Battery+Data+Set.zip
B0006-D132,B0006,132,2.03534,1.31565,3.40917,33.65377,177.59175,0.6464,data/raw/nasa/battery_dataset/5. Battery Data Set/1. BatteryAgingARC-FY08Q4/B0006.mat,https://phm-datasets.s3.amazonaws.com/NASA/5.+Battery+Data+Set.zip
B0006-D133,B0006,133,2.03534,1.3209,3.41108,33.98358,179.57711,0.64898,data/raw/nasa/battery_dataset/5. Battery Data Set/1. BatteryAgingARC-FY08Q4/B0006.mat,https://phm-datasets.s3.amazonaws.com/NASA/5.+Battery+Data+Set.zip
B0006-D134,B0006,134,2.03534,1.34743,3.41675,33.81635,179.57711,0.66202,data/raw/nasa/battery_dataset/5. Battery Data Set/1. BatteryAgingARC-FY08Q4/B0006.mat,https://phm-datasets.s3.amazonaws.com/NASA/5.+Battery+Data+Set.zip
B0006-D135,B0006,135,2.03534,1.32601,3.41697,33.60692,170.70042,0.6515,data/raw/nasa/battery_dataset/5. Battery Data Set/1. BatteryAgingARC-FY08Q4/B0006.mat,https://phm-datasets.s3.amazonaws.com/NASA/5.+Battery+Data+Set.zip
B0006-D136,B0006,136,2.03534,1.31012,3.41058,33.47351,178.37102,0.64369,data/raw/nasa/battery_dataset/5. Battery Data Set/1. BatteryAgingARC-FY08Q4/B0006.mat,https://phm-datasets.s3.amazonaws.com/NASA/5.+Battery+Data+Set.zip
B0006-D137,B0006,137,2.03534,1.30522,3.41133,33.20918,177.51155,0.64128,data/raw/nasa/battery_dataset/5. Battery Data Set/1. BatteryAgingARC-FY08Q4/B0006.mat,https://phm-datasets.s3.amazonaws.com/NASA/5.+Battery+Data+Set.zip
B0006-D138,B0006,138,2.03534,1.30041,3.40813,33.58089,177.29198,0.63891,data/raw/nasa/battery_dataset/5. Battery Data Set/1. BatteryAgingARC-FY08Q4/B0006.mat,https://phm-datasets.s3.amazonaws.com/NASA/5.+Battery+Data+Set.zip
B0006-D139,B0006,139,2.03534,1.30024,3.41257,33.76401,176.32044,0.63883,data/raw/nasa/battery_dataset/5. Battery Data Set/1. BatteryAgingARC-FY08Q4/B0006.mat,https://phm-datasets.s3.amazonaws.com/NASA/5.+Battery+Data+Set.zip
B0006-D140,B0006,140,2.03534,1.28951,3.40769,33.57004,178.94002,0.63356,data/raw/nasa/battery_dataset/5. Battery Data Set/1. BatteryAgingARC-FY08Q4/B0006.mat,https://phm-datasets.s3.amazonaws.com/NASA/5.+Battery+Data+Set.zip
B0006-D141,B0006,141,2.03534,1.27925,3.40735,33.27205,177.34003,0.62852,data/raw/nasa/battery_dataset/5. Battery Data Set/1. BatteryAgingARC-FY08Q4/B0006.mat,https://phm-datasets.s3.amazonaws.com/NASA/5.+Battery+Data+Set.zip
B0006-D142,B0006,142,2.03534,1.27921,3.40929,33.12741,177.41105,0.6285,data/raw/nasa/battery_dataset/5. Battery Data Set/1. BatteryAgingARC-FY08Q4/B0006.mat,https://phm-datasets.s3.amazonaws.com/NASA/5.+Battery+Data+Set.zip
B0006-D143,B0006,143,2.03534,1.27404,3.40955,33.43912,177.39076,0.62596,data/raw/nasa/battery_dataset/5. Battery Data Set/1. BatteryAgingARC-FY08Q4/B0006.mat,https://phm-datasets.s3.amazonaws.com/NASA/5.+Battery+Data+Set.zip
B0006-D144,B0006,144,2.03534,1.27413,3.41032,33.48287,178.09614,0.626,data/raw/nasa/battery_dataset/5. Battery Data Set/1. BatteryAgingARC-FY08Q4/B0006.mat,https://phm-datasets.s3.amazonaws.com/NASA/5.+Battery+Data+Set.zip
B0006-D145,B0006,145,2.03534,1.26376,3.40927,33.22136,177.27476,0.62091,data/raw/nasa/battery_dataset/5. Battery Data Set/1. BatteryAgingARC-FY08Q4/B0006.mat,https://phm-datasets.s3.amazonaws.com/NASA/5.+Battery+Data+Set.zip
B0006-D146,B0006,146,2.03534,1.25814,3.40944,32.98563,179.28186,0.61815,data/raw/nasa/battery_dataset/5. Battery Data Set/1. BatteryAgingARC-FY08Q4/B0006.mat,https://phm-datasets.s3.amazonaws.com/NASA/5.+Battery+Data+Set.zip
B0006-D147,B0006,147,2.03534,1.25326,3.40389,32.97018,179.74031,0.61575,data/raw/nasa/battery_dataset/5. Battery Data Set/1. BatteryAgingARC-FY08Q4/B0006.mat,https://phm-datasets.s3.amazonaws.com/NASA/5.+Battery+Data+Set.zip
B0006-D148,B0006,148,2.03534,1.25323,3.40659,33.31019,179.93091,0.61574,data/raw/nasa/battery_dataset/5. Battery Data Set/1. BatteryAgingARC-FY08Q4/B0006.mat,https://phm-datasets.s3.amazonaws.com/NASA/5.+Battery+Data+Set.zip
B0006-D149,B0006,149,2.03534,1.24809,3.40959,33.23407,180.85577,0.61321,data/raw/nasa/battery_dataset/5. Battery Data Set/1. BatteryAgingARC-FY08Q4/B0006.mat,https://phm-datasets.s3.amazonaws.com/NASA/5.+Battery+Data+Set.zip
B0006-D150,B0006,150,2.03534,1.25344,3.40941,33.11766,182.76423,0.61584,data/raw/nasa/battery_dataset/5. Battery Data Set/1. BatteryAgingARC-FY08Q4/B0006.mat,https://phm-datasets.s3.amazonaws.com/NASA/5.+Battery+Data+Set.zip
B0006-D151,B0006,151,2.03534,1.2898,3.41955,33.78417,171.57052,0.63371,data/raw/nasa/battery_dataset/5. Battery Data Set/1. BatteryAgingARC-FY08Q4/B0006.mat,https://phm-datasets.s3.amazonaws.com/NASA/5.+Battery+Data+Set.zip
B0006-D152,B0006,152,2.03534,1.26354,3.41518,33.80644,176.60044,0.6208,data/raw/nasa/battery_dataset/5. Battery Data Set/1. BatteryAgingARC-FY08Q4/B0006.mat,https://phm-datasets.s3.amazonaws.com/NASA/5.+Battery+Data+Set.zip
B0006-D153,B0006,153,2.03534,1.24798,3.41546,33.63736,177.88206,0.61315,data/raw/nasa/battery_dataset/5. Battery Data Set/1. BatteryAgingARC-FY08Q4/B0006.mat,https://phm-datasets.s3.amazonaws.com/NASA/5.+Battery+Data+Set.zip
B0006-D154,B0006,154,2.03534,1.23212,3.41303,33.58196,179.17178,0.60536,data/raw/nasa/battery_dataset/5. Battery Data Set/1. BatteryAgingARC-FY08Q4/B0006.mat,https://phm-datasets.s3.amazonaws.com/NASA/5.+Battery+Data+Set.zip
B0006-D155,B0006,155,2.03534,1.22711,3.40945,33.56246,180.93694,0.6029,data/raw/nasa/battery_dataset/5. Battery Data Set/1. BatteryAgingARC-FY08Q4/B0006.mat,https://phm-datasets.s3.amazonaws.com/NASA/5.+Battery+Data+Set.zip
B0006-D156,B0006,156,2.03534,1.22174,3.41385,33.51113,179.64245,0.60026,data/raw/nasa/battery_dataset/5. Battery Data Set/1. BatteryAgingARC-FY08Q4/B0006.mat,https://phm-datasets.s3.amazonaws.com/NASA/5.+Battery+Data+Set.zip
B0006-D157,B0006,157,2.03534,1.2111,3.4109,33.53676,180.66759,0.59504,data/raw/nasa/battery_dataset/5. Battery Data Set/1. BatteryAgingARC-FY08Q4/B0006.mat,https://phm-datasets.s3.amazonaws.com/NASA/5.+Battery+Data+Set.zip
B0006-D158,B0006,158,2.03534,1.20562,3.41057,33.49803,182.65289,0.59234,data/raw/nasa/battery_dataset/5. Battery Data Set/1. BatteryAgingARC-FY08Q4/B0006.mat,https://phm-datasets.s3.amazonaws.com/NASA/5.+Battery+Data+Set.zip
B0006-D159,B0006,159,2.03534,1.20089,3.40965,33.51698,178.79289,0.59002,data/raw/nasa/battery_dataset/5. Battery Data Set/1. BatteryAgingARC-FY08Q4/B0006.mat,https://phm-datasets.s3.amazonaws.com/NASA/5.+Battery+Data+Set.zip
B0006-D160,B0006,160,2.03534,1.19059,3.41286,33.53192,182.3167,0.58496,data/raw/nasa/battery_dataset/5. Battery Data Set/1. BatteryAgingARC-FY08Q4/B0006.mat,https://phm-datasets.s3.amazonaws.com/NASA/5.+Battery+Data+Set.zip
B0006-D161,B0006,161,2.03534,1.18518,3.41345,33.56764,183.24697,0.5823,data/raw/nasa/battery_dataset/5. Battery Data Set/1. BatteryAgingARC-FY08Q4/B0006.mat,https://phm-datasets.s3.amazonaws.com/NASA/5.+Battery+Data+Set.zip
B0006-D162,B0006,162,2.03534,1.17967,3.41439,33.60493,181.33734,0.57959,data/raw/nasa/battery_dataset/5. Battery Data Set/1. BatteryAgingARC-FY08Q4/B0006.mat,https://phm-datasets.s3.amazonaws.com/NASA/5.+Battery+Data+Set.zip
B0006-D163,B0006,163,2.03534,1.1746,3.41242,33.54281,181.0368,0.5771,data/raw/nasa/battery_dataset/5. Battery Data Set/1. BatteryAgingARC-FY08Q4/B0006.mat,https://phm-datasets.s3.amazonaws.com/NASA/5.+Battery+Data+Set.zip
B0006-D164,B0006,164,2.03534,1.15382,3.41481,33.47246,181.85863,0.56689,data/raw/nasa/battery_dataset/5. Battery Data Set/1. BatteryAgingARC-FY08Q4/B0006.mat,https://phm-datasets.s3.amazonaws.com/NASA/5.+Battery+Data+Set.zip
B0006-D165,B0006,165,2.03534,1.1644,3.41662,33.5821,183.25964,0.57209,data/raw/nasa/battery_dataset/5. Battery Data Set/1. BatteryAgingARC-FY08Q4/B0006.mat,https://phm-datasets.s3.amazonaws.com/NASA/5.+Battery+Data+Set.zip
B0006-D166,B0006,166,2.03534,1.1588,3.41213,33.66346,183.18119,0.56934,data/raw/nasa/battery_dataset/5. Battery Data Set/1. BatteryAgingARC-FY08Q4/B0006.mat,https://phm-datasets.s3.amazonaws.com/NASA/5.+Battery+Data+Set.zip
B0006-D167,B0006,167,2.03534,1.17497,3.4197,33.73055,182.83257,0.57729,data/raw/nasa/battery_dataset/5. Battery Data Set/1. BatteryAgingARC-FY08Q4/B0006.mat,https://phm-datasets.s3.amazonaws.com/NASA/5.+Battery+Data+Set.zip
B0006-D168,B0006,168,2.03534,1.18568,3.42347,33.89128,173.58411,0.58254,data/raw/nasa/battery_dataset/5. Battery Data Set/1. BatteryAgingARC-FY08Q4/B0006.mat,https://phm-datasets.s3.amazonaws.com/NASA/5.+Battery+Data+Set.zip
B0007-D001,B0007,1,1.89105,1.89105,3.52201,32.62486,99.74908,1.0,data/raw/nasa/battery_dataset/5. Battery Data Set/1. BatteryAgingARC-FY08Q4/B0007.mat,https://phm-datasets.s3.amazonaws.com/NASA/5.+Battery+Data+Set.zip
B0007-D002,B0007,2,1.89105,1.88064,3.53195,32.73821,99.74908,0.99449,data/raw/nasa/battery_dataset/5. Battery Data Set/1. BatteryAgingARC-FY08Q4/B0007.mat,https://phm-datasets.s3.amazonaws.com/NASA/5.+Battery+Data+Set.zip
B0007-D003,B0007,3,1.89105,1.88066,3.5344,32.68511,99.74908,0.99451,data/raw/nasa/battery_dataset/5. Battery Data Set/1. BatteryAgingARC-FY08Q4/B0007.mat,https://phm-datasets.s3.amazonaws.com/NASA/5.+Battery+Data+Set.zip
B0007-D004,B0007,4,1.89105,1.88077,3.53493,32.55475,99.74908,0.99456,data/raw/nasa/battery_dataset/5. Battery Data Set/1. BatteryAgingARC-FY08Q4/B0007.mat,https://phm-datasets.s3.amazonaws.com/NASA/5.+Battery+Data+Set.zip
B0007-D005,B0007,5,1.89105,1.87945,3.53454,32.46788,99.74908,0.99387,data/raw/nasa/battery_dataset/5. Battery Data Set/1. BatteryAgingARC-FY08Q4/B0007.mat,https://phm-datasets.s3.amazonaws.com/NASA/5.+Battery+Data+Set.zip
B0007-D006,B0007,6,1.89105,1.8807,3.54116,32.48625,99.74908,0.99453,data/raw/nasa/battery_dataset/5. Battery Data Set/1. BatteryAgingARC-FY08Q4/B0007.mat,https://phm-datasets.s3.amazonaws.com/NASA/5.+Battery+Data+Set.zip
B0007-D007,B0007,7,1.89105,1.87994,3.54117,32.5578,99.74908,0.99412,data/raw/nasa/battery_dataset/5. Battery Data Set/1. BatteryAgingARC-FY08Q4/B0007.mat,https://phm-datasets.s3.amazonaws.com/NASA/5.+Battery+Data+Set.zip
B0007-D008,B0007,8,1.89105,1.88151,3.54946,32.45374,99.74908,0.99495,data/raw/nasa/battery_dataset/5. Battery Data Set/1. BatteryAgingARC-FY08Q4/B0007.mat,https://phm-datasets.s3.amazonaws.com/NASA/5.+Battery+Data+Set.zip
B0007-D009,B0007,9,1.89105,1.86969,3.55028,32.37325,99.74908,0.9887,data/raw/nasa/battery_dataset/5. Battery Data Set/1. BatteryAgingARC-FY08Q4/B0007.mat,https://phm-datasets.s3.amazonaws.com/NASA/5.+Battery+Data+Set.zip
B0007-D010,B0007,10,1.89105,1.87005,3.54813,32.30534,99.74908,0.9889,data/raw/nasa/battery_dataset/5. Battery Data Set/1. BatteryAgingARC-FY08Q4/B0007.mat,https://phm-datasets.s3.amazonaws.com/NASA/5.+Battery+Data+Set.zip
B0007-D011,B0007,11,1.89105,1.87004,3.54843,32.18332,99.74908,0.98889,data/raw/nasa/battery_dataset/5. Battery Data Set/1. BatteryAgingARC-FY08Q4/B0007.mat,https://phm-datasets.s3.amazonaws.com/NASA/5.+Battery+Data+Set.zip
B0007-D012,B0007,12,1.89105,1.85965,3.55604,32.37885,99.74908,0.9834,data/raw/nasa/battery_dataset/5. Battery Data Set/1. BatteryAgingARC-FY08Q4/B0007.mat,https://phm-datasets.s3.amazonaws.com/NASA/5.+Battery+Data+Set.zip
B0007-D013,B0007,13,1.89105,1.85907,3.56048,32.29132,99.74908,0.98309,data/raw/nasa/battery_dataset/5. Battery Data Set/1. BatteryAgingARC-FY08Q4/B0007.mat,https://phm-datasets.s3.amazonaws.com/NASA/5.+Battery+Data+Set.zip
B0007-D014,B0007,14,1.89105,1.85901,3.55629,32.14783,99.74908,0.98306,data/raw/nasa/battery_dataset/5. Battery Data Set/1. BatteryAgingARC-FY08Q4/B0007.mat,https://phm-datasets.s3.amazonaws.com/NASA/5.+Battery+Data+Set.zip
B0007-D015,B0007,15,1.89105,1.85936,3.56477,32.01381,99.74908,0.98324,data/raw/nasa/battery_dataset/5. Battery Data Set/1. BatteryAgingARC-FY08Q4/B0007.mat,https://phm-datasets.s3.amazonaws.com/NASA/5.+Battery+Data+Set.zip
B0007-D016,B0007,16,1.89105,1.85874,3.56544,31.88131,99.74908,0.98291,data/raw/nasa/battery_dataset/5. Battery Data Set/1. BatteryAgingARC-FY08Q4/B0007.mat,https://phm-datasets.s3.amazonaws.com/NASA/5.+Battery+Data+Set.zip
B0007-D017,B0007,17,1.89105,1.84782,3.56596,31.8543,99.74908,0.97714,data/raw/nasa/battery_dataset/5. Battery Data Set/1. BatteryAgingARC-FY08Q4/B0007.mat,https://phm-datasets.s3.amazonaws.com/NASA/5.+Battery+Data+Set.zip
B0007-D018,B0007,18,1.89105,1.84853,3.5725,31.85656,99.74908,0.97751,data/raw/nasa/battery_dataset/5. Battery Data Set/1. BatteryAgingARC-FY08Q4/B0007.mat,https://phm-datasets.s3.amazonaws.com/NASA/5.+Battery+Data+Set.zip
B0007-D019,B0007,19,1.89105,1.84838,3.56995,31.86718,99.74908,0.97743,data/raw/nasa/battery_dataset/5. Battery Data Set/1. BatteryAgingARC-FY08Q4/B0007.mat,https://phm-datasets.s3.amazonaws.com/NASA/5.+Battery+Data+Set.zip
B0007-D020,B0007,20,1.89105,1.88078,3.54643,32.35217,99.74908,0.99457,data/raw/nasa/battery_dataset/5. Battery Data Set/1. BatteryAgingARC-FY08Q4/B0007.mat,https://phm-datasets.s3.amazonaws.com/NASA/5.+Battery+Data+Set.zip
B0007-D021,B0007,21,1.89105,1.88147,3.5532,32.60219,101.51967,0.99493,data/raw/nasa/battery_dataset/5. Battery Data Set/1. BatteryAgingARC-FY08Q4/B0007.mat,https://phm-datasets.s3.amazonaws.com/NASA/5.+Battery+Data+Set.zip
B0007-D022,B0007,22,1.89105,1.8811,3.55993,32.19572,99.40277,0.99473,data/raw/nasa/battery_dataset/5. Battery Data Set/1. BatteryAgingARC-FY08Q4/B0007.mat,https://phm-datasets.s3.amazonaws.com/NASA/5.+Battery+Data+Set.zip
B0007-D023,B0007,23,1.89105,1.87101,3.55956,31.80599,97.18083,0.9894,data/raw/nasa/battery_dataset/5. Battery Data Set/1. BatteryAgingARC-FY08Q4/B0007.mat,https://phm-datasets.s3.amazonaws.com/NASA/5.+Battery+Data+Set.zip
B0007-D024,B0007,24,1.89105,1.8702,3.55239,31.737,99.12771,0.98897,data/raw/nasa/battery_dataset/5. Battery Data Set/1. BatteryAgingARC-FY08Q4/B0007.mat,https://phm-datasets.s3.amazonaws.com/NASA/5.+Battery+Data+Set.zip
B0007-D025,B0007,25,1.89105,1.87067,3.57077,31.51708,97.59356,0.98922,data/raw/nasa/battery_dataset/5. Battery Data Set/1. BatteryAgingARC-FY08Q4/B0007.mat,https://phm-datasets.s3.amazonaws.com/NASA/5.+Battery+Data+Set.zip
B0007-D026,B0007,26,1.89105,1.85961,3.56572,31.44286,98.63034,0.98337,data/raw/nasa/battery_dataset/5. Battery Data Set/1. BatteryAgingARC-FY08Q4/B0007.mat,https://phm-datasets.s3.amazonaws.com/NASA/5.+Battery+Data+Set.zip
B0007-D027,B0007,27,1.89105,1.86003,3.57128,31.32326,96.49037,0.9836,data/raw/nasa/battery_dataset/5. Battery Data Set/1. BatteryAgingARC-FY08Q4/B0007.mat,https://phm-datasets.s3.amazonaws.com/NASA/5.+Battery+Data+Set.zip
B0007-D028,B0007,28,1.89105,1.85917,3.56797,31.28572,98.70317,0.98314,data/raw/nasa/battery_dataset/5. Battery Data Set/1. BatteryAgingARC-FY08Q4/B0007.mat,https://phm-datasets.s3.amazonaws.com/NASA/5.+Battery+Data+Set.zip
B0007-D029,B0007,29,1.89105,1.84814,3.56463,31.33185,98.21935,0.97731,data/raw/nasa/battery_dataset/5. Battery Data Set/1. BatteryAgingARC-FY08Q4/B0007.mat,https://phm-datasets.s3.amazonaws.com/NASA/5.+Battery+Data+Set.zip
B0007-D030,B0007,30,1.89105,1.8492,3.56898,31.32286,98.19202,0.97787,data/raw/nasa/battery_dataset/5. Battery Data Set/1. BatteryAgingARC-FY08Q4/B0007.mat,https://phm-datasets.s3.amazonaws.com/NASA/5.+Battery+Data+Set.zip
B0007-D031,B0007,31,1.89105,1.88347,3.56462,31.60844,111.71667,0.99599,data/raw/nasa/battery_dataset/5. Battery Data Set/1. BatteryAgingARC-FY08Q4/B0007.mat,https://phm-datasets.s3.amazonaws.com/NASA/5.+Battery+Data+Set.zip
B0007-D032,B0007,32,1.89105,1.86282,3.56944,31.7821,106.21549,0.98507,data/raw/nasa/battery_dataset/5. Battery Data Set/1. BatteryAgingARC-FY08Q4/B0007.mat,https://phm-datasets.s3.amazonaws.com/NASA/5.+Battery+Data+Set.zip
B0007-D033,B0007,33,1.89105,1.85209,3.56874,31.51504,106.46856,0.97939,data/raw/nasa/battery_dataset/5. Battery Data Set/1. BatteryAgingARC-FY08Q4/B0007.mat,https://phm-datasets.s3.amazonaws.com/NASA/5.+Battery+Data+Set.zip
B0007-D034,B0007,34,1.89105,1.84695,3.56424,31.13866,103.01041,0.97668,data/raw/nasa/battery_dataset/5. Battery Data Set/1. BatteryAgingARC-FY08Q4/B0007.mat,https://phm-datasets.s3.amazonaws.com/NASA/5.+Battery+Data+Set.zip
B0007-D035,B0007,35,1.89105,1.83683,3.5653,31.06871,104.43762,0.97133,data/raw/nasa/battery_dataset/5. Battery Data Set/1. BatteryAgingARC-FY08Q4/B0007.mat,https://phm-datasets.s3.amazonaws.com/NASA/5.+Battery+Data+Set.zip
B0007-D036,B0007,36,1.89105,1.83716,3.56543,31.61824,103.75323,0.9715,data/raw/nasa/battery_dataset/5. Battery Data Set/1. BatteryAgingARC-FY08Q4/B0007.mat,https://phm-datasets.s3.amazonaws.com/NASA/5.+Battery+Data+Set.zip
B0007-D037,B0007,37,1.89105,1.83167,3.56223,31.33153,104.1756,0.9686,data/raw/nasa/battery_dataset/5. Battery Data Set/1. BatteryAgingARC-FY08Q4/B0007.mat,https://phm-datasets.s3.amazonaws.com/NASA/5.+Battery+Data+Set.zip
B0007-D038,B0007,38,1.89105,1.82115,3.56448,31.13257,104.28426,0.96303,data/raw/nasa/battery_dataset/5. Battery Data Set/1. BatteryAgingARC-FY08Q4/B0007.mat,https://phm-datasets.s3.amazonaws.com/NASA/5.+Battery+Data+Set.zip
B0007-D039,B0007,39,1.89105,1.81651,3.56161,30.97297,101.60087,0.96058,data/raw/nasa/battery_dataset/5. Battery Data Set/1. BatteryAgingARC-FY08Q4/B0007.mat,https://phm-datasets.s3.amazonaws.com/NASA/5.+Battery+Data+Set.zip
B0007-D040,B0007,40,1.89105,1.81138,3.56306,31.19906,105.4516,0.95787,data/raw/nasa/battery_dataset/5. Battery Data Set/1. BatteryAgingARC-FY08Q4/B0007.mat,https://phm-datasets.s3.amazonaws.com/NASA/5.+Battery+Data+Set.zip
B0007-D041,B0007,41,1.89105,1.81161,3.56295,31.72227,104.89557,0.95799,data/raw/nasa/battery_dataset/5. Battery Data Set/1. BatteryAgingARC-FY08Q4/B0007.mat,https://phm-datasets.s3.amazonaws.com/NASA/5.+Battery+Data+Set.zip
B0007-D042,B0007,42,1.89105,1.80605,3.56345,31.90083,102.89374,0.95505,data/raw/nasa/battery_dataset/5. Battery Data Set/1. BatteryAgingARC-FY08Q4/B0007.mat,https://phm-datasets.s3.amazonaws.com/NASA/5.+Battery+Data+Set.zip
B0007-D043,B0007,43,1.89105,1.8132,3.564,31.53724,102.79274,0.95883,data/raw/nasa/battery_dataset/5. Battery Data Set/1. BatteryAgingARC-FY08Q4/B0007.mat,https://phm-datasets.s3.amazonaws.com/NASA/5.+Battery+Data+Set.zip
B0007-D044,B0007,44,1.89105,1.80626,3.56049,31.24663,119.97607,0.95516,data/raw/nasa/battery_dataset/5. Battery Data Set/1. BatteryAgingARC-FY08Q4/B0007.mat,https://phm-datasets.s3.amazonaws.com/NASA/5.+Battery+Data+Set.zip
B0007-D045,B0007,45,1.89105,1.79583,3.5567,30.9394,115.97566,0.94965,data/raw/nasa/battery_dataset/5. Battery Data Set/1. BatteryAgingARC-FY08Q4/B0007.mat,https://phm-datasets.s3.amazonaws.com/NASA/5.+Battery+Data+Set.zip
B0007-D046,B0007,46,1.89105,1.78589,3.55841,30.88486,114.33948,0.94439,data/raw/nasa/battery_dataset/5. Battery Data Set/1. BatteryAgingARC-FY08Q4/B0007.mat,https://phm-datasets.s3.amazonaws.com/NASA/5.+Battery+Data+Set.zip
B0007-D047,B0007,47,1.89105,1.78033,3.55614,30.92068,115.47918,0.94145,data/raw/nasa/battery_dataset/5. Battery Data Set/1. BatteryAgingARC-FY08Q4/B0007.mat,https://phm-datasets.s3.amazonaws.com/NASA/5.+Battery+Data+Set.zip
B0007-D048,B0007,48,1.89105,1.81508,3.569,33.88058,120.5641,0.95982,data/raw/nasa/battery_dataset/5. Battery Data Set/1. BatteryAgingARC-FY08Q4/B0007.mat,https://phm-datasets.s3.amazonaws.com/NASA/5.+Battery+Data+Set.zip
B0007-D049,B0007,49,1.89105,1.8157,3.57106,33.03834,118.5717,0.96015,data/raw/nasa/battery_dataset/5. Battery Data Set/1. BatteryAgingARC-FY08Q4/B0007.mat,https://phm-datasets.s3.amazonaws.com/NASA/5.+Battery+Data+Set.zip
B0007-D050,B0007,50,1.89105,1.80024,3.56669,32.27329,117.94164,0.95198,data/raw/nasa/battery_dataset/5. Battery Data Set/1. BatteryAgingARC-FY08Q4/B0007.mat,https://phm-datasets.s3.amazonaws.com/NASA/5.+Battery+Data+Set.zip
B0007-D051,B0007,51,1.89105,1.79045,3.56333,31.93792,117.88174,0.9468,data/raw/nasa/battery_dataset/5. Battery Data Set/1. BatteryAgingARC-FY08Q4/B0007.mat,https://phm-datasets.s3.amazonaws.com/NASA/5.+Battery+Data+Set.zip
B0007-D052,B0007,52,1.89105,1.78034,3.55901,31.68869,118.65999,0.94146,data/raw/nasa/battery_dataset/5. Battery Data Set/1. BatteryAgingARC-FY08Q4/B0007.mat,https://phm-datasets.s3.amazonaws.com/NASA/5.+Battery+Data+Set.zip
B0007-D053,B0007,53,1.89105,1.77533,3.55669,31.77912,118.88193,0.9388,data/raw/nasa/battery_dataset/5. Battery Data Set/1. BatteryAgingARC-FY08Q4/B0007.mat,https://phm-datasets.s3.amazonaws.com/NASA/5.+Battery+Data+Set.zip
B0007-D054,B0007,54,1.89105,1.77026,3.55501,32.13387,120.70586,0.93613,data/raw/nasa/battery_dataset/5. Battery Data Set/1. BatteryAgingARC-FY08Q4/B0007.mat,https://phm-datasets.s3.amazonaws.com/NASA/5.+Battery+Data+Set.zip
B0007-D055,B0007,55,1.89105,1.76008,3.55264,31.88943,119.78113,0.93074,data/raw/nasa/battery_dataset/5. Battery Data Set/1. BatteryAgingARC-FY08Q4/B0007.mat,https://phm-datasets.s3.amazonaws.com/NASA/5.+Battery+Data+Set.zip
B0007-D056,B0007,56,1.89105,1.74965,3.54719,31.81736,117.21731,0.92522,data/raw/nasa/battery_dataset/5. Battery Data Set/1. BatteryAgingARC-FY08Q4/B0007.mat,https://phm-datasets.s3.amazonaws.com/NASA/5.+Battery+Data+Set.zip
B0007-D057,B0007,57,1.89105,1.74965,3.54681,31.72316,117.57801,0.92523,data/raw/nasa/battery_dataset/5. Battery Data Set/1. BatteryAgingARC-FY08Q4/B0007.mat,https://phm-datasets.s3.amazonaws.com/NASA/5.+Battery+Data+Set.zip
B0007-D058,B0007,58,1.89105,1.74503,3.54479,31.95715,118.86176,0.92278,data/raw/nasa/battery_dataset/5. Battery Data Set/1. BatteryAgingARC-FY08Q4/B0007.mat,https://phm-datasets.s3.amazonaws.com/NASA/5.+Battery+Data+Set.zip
B0007-D059,B0007,59,1.89105,1.73965,3.54652,32.29918,119.20233,0.91994,data/raw/nasa/battery_dataset/5. Battery Data Set/1. BatteryAgingARC-FY08Q4/B0007.mat,https://phm-datasets.s3.amazonaws.com/NASA/5.+Battery+Data+Set.zip
B0007-D060,B0007,60,1.89105,1.72856,3.54083,32.12884,119.31829,0.91408,data/raw/nasa/battery_dataset/5. Battery Data Set/1. BatteryAgingARC-FY08Q4/B0007.mat,https://phm-datasets.s3.amazonaws.com/NASA/5.+Battery+Data+Set.zip
B0007-D061,B0007,61,1.89105,1.7239,3.54299,32.02113,120.71149,0.91161,data/raw/nasa/battery_dataset/5. Battery Data Set/1. BatteryAgingARC-FY08Q4/B0007.mat,https://phm-datasets.s3.amazonaws.com/NASA/5.+Battery+Data+Set.zip
B0007-D062,B0007,62,1.89105,1.71398,3.53608,31.85905,119.01825,0.90636,data/raw/nasa/battery_dataset/5. Battery Data Set/1. BatteryAgingARC-FY08Q4/B0007.mat,https://phm-datasets.s3.amazonaws.com/NASA/5.+Battery+Data+Set.zip
B0007-D063,B0007,63,1.89105,1.71397,3.53924,32.161,116.50084,0.90636,data/raw/nasa/battery_dataset/5. Battery Data Set/1. BatteryAgingARC-FY08Q4/B0007.mat,https://phm-datasets.s3.amazonaws.com/NASA/5.+Battery+Data+Set.zip
B0007-D064,B0007,64,1.89105,1.70365,3.53482,32.10276,119.29797,0.9009,data/raw/nasa/battery_dataset/5. Battery Data Set/1. BatteryAgingARC-FY08Q4/B0007.mat,https://phm-datasets.s3.amazonaws.com/NASA/5.+Battery+Data+Set.zip
B0007-D065,B0007,65,1.89105,1.70401,3.53665,32.33881,121.23476,0.90109,data/raw/nasa/battery_dataset/5. Battery Data Set/1. BatteryAgingARC-FY08Q4/B0007.mat,https://phm-datasets.s3.amazonaws.com/NASA/5.+Battery+Data+Set.zip
B0007-D066,B0007,66,1.89105,1.69357,3.53521,32.21373,121.15297,0.89557,data/raw/nasa/battery_dataset/5. Battery Data Set/1. BatteryAgingARC-FY08Q4/B0007.mat,https://phm-datasets.s3.amazonaws.com/NASA/5.+Battery+Data+Set.zip
B0007-D067,B0007,67,1.89105,1.68766,3.53299,32.0995,121.97134,0.89244,data/raw/nasa/battery_dataset/5. Battery Data Set/1. BatteryAgingARC-FY08Q4/B0007.mat,https://phm-datasets.s3.amazonaws.com/NASA/5.+Battery+Data+Set.zip
B0007-D068,B0007,68,1.89105,1.68307,3.53216,32.11305,122.46892,0.89002,data/raw/nasa/battery_dataset/5. Battery Data Set/1. BatteryAgingARC-FY08Q4/B0007.mat,https://phm-datasets.s3.amazonaws.com/NASA/5.+Battery+Data+Set.zip
B0007-D069,B0007,69,1.89105,1.67793,3.53084,32.20372,121.64163,0.8873,data/raw/nasa/battery_dataset/5. Battery Data Set/1. BatteryAgingARC-FY08Q4/B0007.mat,https://phm-datasets.s3.amazonaws.com/NASA/5.+Battery+Data+Set.zip
B0007-D070,B0007,70,1.89105,1.67321,3.5297,32.23341,121.72256,0.8848,data/raw/nasa/battery_dataset/5. Battery Data Set/1. BatteryAgingARC-FY08Q4/B0007.mat,https://phm-datasets.s3.amazonaws.com/NASA/5.+Battery+Data+Set.zip
B0007-D071,B0007,71,1.89105,1.66744,3.52818,32.21217,121.97071,0.88175,data/raw/nasa/battery_dataset/5. Battery Data Set/1. BatteryAgingARC-FY08Q4/B0007.mat,https://phm-datasets.s3.amazonaws.com/NASA/5.+Battery+Data+Set.zip
B0007-D072,B0007,72,1.89105,1.66227,3.52657,32.21746,121.68932,0.87902,data/raw/nasa/battery_dataset/5. Battery Data Set/1. BatteryAgingARC-FY08Q4/B0007.mat,https://phm-datasets.s3.amazonaws.com/NASA/5.+Battery+Data+Set.zip
B0007-D073,B0007,73,1.89105,1.65742,3.5245,32.2341,123.83449,0.87646,data/raw/nasa/battery_dataset/5. Battery Data Set/1. BatteryAgingARC-FY08Q4/B0007.mat,https://phm-datasets.s3.amazonaws.com/NASA/5.+Battery+Data+Set.zip
B0007-D074,B0007,74,1.89105,1.65254,3.52285,32.22834,120.01272,0.87387,data/raw/nasa/battery_dataset/5. Battery Data Set/1. BatteryAgingARC-FY08Q4/B0007.mat,https://phm-datasets.s3.amazonaws.com/NASA/5.+Battery+Data+Set.zip
B0007-D075,B0007,75,1.89105,1.64722,3.52228,32.18331,121.78509,0.87106,data/raw/nasa/battery_dataset/5. Battery Data Set/1. BatteryAgingARC-FY08Q4/B0007.mat,https://phm-datasets.s3.amazonaws.com/NASA/5.+Battery+Data+Set.zip
B0007-D076,B0007,76,1.89105,1.63641,3.51899,32.172,121.06612,0.86535,data/raw/nasa/battery_dataset/5. Battery Data Set/1. BatteryAgingARC-FY08Q4/B0007.mat,https://phm-datasets.s3.amazonaws.com/NASA/5.+Battery+Data+Set.zip
B0007-D077,B0007,77,1.89105,1.63626,3.51778,32.03316,120.85452,0.86526,data/raw/nasa/battery_dataset/5. Battery Data Set/1. BatteryAgingARC-FY08Q4/B0007.mat,https://phm-datasets.s3.amazonaws.com/NASA/5.+Battery+Data+Set.zip
B0007-D078,B0007,78,1.89105,1.64112,3.52122,32.50667,120.82003,0.86783,data/raw/nasa/battery_dataset/5. Battery Data Set/1. BatteryAgingARC-FY08Q4/B0007.mat,https://phm-datasets.s3.amazonaws.com/NASA/5.+Battery+Data+Set.zip
B0007-D079,B0007,79,1.89105,1.63157,3.51722,31.96104,122.8035,0.86278,data/raw/nasa/battery_dataset/5. Battery Data Set/1. BatteryAgingARC-FY08Q4/B0007.mat,https://phm-datasets.s3.amazonaws.com/NASA/5.+Battery+Data+Set.zip
B0007-D080,B0007,80,1.89105,1.62121,3.5125,31.79808,122.11484,0.85731,data/raw/nasa/battery_dataset/5. Battery Data Set/1. BatteryAgingARC-FY08Q4/B0007.mat,https://phm-datasets.s3.amazonaws.com/NASA/5.+Battery+Data+Set.zip
B0007-D081,B0007,81,1.89105,1.61643,3.51296,31.95803,120.83395,0.85478,data/raw/nasa/battery_dataset/5. Battery Data Set/1. BatteryAgingARC-FY08Q4/B0007.mat,https://phm-datasets.s3.amazonaws.com/NASA/5.+Battery+Data+Set.zip
B0007-D082,B0007,82,1.89105,1.61582,3.51252,32.41813,124.6099,0.85446,data/raw/nasa/battery_dataset/5. Battery Data Set/1. BatteryAgingARC-FY08Q4/B0007.mat,https://phm-datasets.s3.amazonaws.com/NASA/5.+Battery+Data+Set.zip
B0007-D083,B0007,83,1.89105,1.61672,3.51515,32.64045,129.76416,0.85493,data/raw/nasa/battery_dataset/5. Battery Data Set/1. BatteryAgingARC-FY08Q4/B0007.mat,https://phm-datasets.s3.amazonaws.com/NASA/5.+Battery+Data+Set.zip
B0007-D084,B0007,84,1.89105,1.61087,3.51344,32.56399,127.42574,0.85184,data/raw/nasa/battery_dataset/5. Battery Data Set/1. BatteryAgingARC-FY08Q4/B0007.mat,https://phm-datasets.s3.amazonaws.com/NASA/5.+Battery+Data+Set.zip
B0007-D085,B0007,85,1.89105,1.60066,3.50971,32.28305,125.7395,0.84644,data/raw/nasa/battery_dataset/5. Battery Data Set/1. BatteryAgingARC-FY08Q4/B0007.mat,https://phm-datasets.s3.amazonaws.com/NASA/5.+Battery+Data+Set.zip
B0007-D086,B0007,86,1.89105,1.59592,3.50428,32.06065,126.67885,0.84393,data/raw/nasa/battery_dataset/5. Battery Data Set/1. BatteryAgingARC-FY08Q4/B0007.mat,https://phm-datasets.s3.amazonaws.com/NASA/5.+Battery+Data+Set.zip
B0007-D087,B0007,87,1.89105,1.59622,3.50921,32.36526,126.32064,0.84409,data/raw/nasa/battery_dataset/5. Battery Data Set/1. BatteryAgingARC-FY08Q4/B0007.mat,https://phm-datasets.s3.amazonaws.com/NASA/5.+Battery+Data+Set.zip
B0007-D088,B0007,88,1.89105,1.59581,3.50951,32.68852,126.64803,0.84387,data/raw/nasa/battery_dataset/5. Battery Data Set/1. BatteryAgingARC-FY08Q4/B0007.mat,https://phm-datasets.s3.amazonaws.com/NASA/5.+Battery+Data+Set.zip
B0007-D089,B0007,89,1.89105,1.59065,3.5052,32.74773,126.68151,0.84115,data/raw/nasa/battery_dataset/5. Battery Data Set/1. BatteryAgingARC-FY08Q4/B0007.mat,https://phm-datasets.s3.amazonaws.com/NASA/5.+Battery+Data+Set.zip
B0007-D090,B0007,90,1.89105,1.68882,3.52812,32.50501,132.08734,0.89306,data/raw/nasa/battery_dataset/5. Battery Data Set/1. BatteryAgingARC-FY08Q4/B0007.mat,https://phm-datasets.s3.amazonaws.com/NASA/5.+Battery+Data+Set.zip
B0007-D091,B0007,91,1.89105,1.62599,3.51959,32.91994,130.09118,0.85984,data/raw/nasa/battery_dataset/5. Battery Data Set/1. BatteryAgingARC-FY08Q4/B0007.mat,https://phm-datasets.s3.amazonaws.com/NASA/5.+Battery+Data+Set.zip
B0007-D092,B0007,92,1.89105,1.61574,3.51463,32.94831,128.82437,0.85441,data/raw/nasa/battery_dataset/5. Battery Data Set/1. BatteryAgingARC-FY08Q4/B0007.mat,https://phm-datasets.s3.amazonaws.com/NASA/5.+Battery+Data+Set.zip
B0007-D093,B0007,93,1.89105,1.60566,3.51155,32.76907,128.47733,0.84908,data/raw/nasa/battery_dataset/5. Battery Data Set/1. BatteryAgingARC-FY08Q4/B0007.mat,https://phm-datasets.s3.amazonaws.com/NASA/5.+Battery+Data+Set.zip
B0007-D094,B0007,94,1.89105,1.59497,3.51077,32.59734,130.16029,0.84343,data/raw/nasa/battery_dataset/5. Battery Data Set/1. BatteryAgingARC-FY08Q4/B0007.mat,https://phm-datasets.s3.amazonaws.com/NASA/5.+Battery+Data+Set.zip
B0007-D095,B0007,95,1.89105,1.59041,3.50804,32.5235,130.25636,0.84102,data/raw/nasa/battery_dataset/5. Battery Data Set/1. BatteryAgingARC-FY08Q4/B0007.mat,https://phm-datasets.s3.amazonaws.com/NASA/5.+Battery+Data+Set.zip
B0007-D096,B0007,96,1.89105,1.58535,3.50775,32.57823,134.08148,0.83834,data/raw/nasa/battery_dataset/5. Battery Data Set/1. BatteryAgingARC-FY08Q4/B0007.mat,https://phm-datasets.s3.amazonaws.com/NASA/5.+Battery+Data+Set.zip
B0007-D097,B0007,97,1.89105,1.57997,3.50667,32.62728,132.29354,0.8355,data/raw/nasa/battery_dataset/5. Battery Data Set/1. BatteryAgingARC-FY08Q4/B0007.mat,https://phm-datasets.s3.amazonaws.com/NASA/5.+Battery+Data+Set.zip
B0007-D098,B0007,98,1.89105,1.57522,3.50618,32.65212,132.26593,0.83299,data/raw/nasa/battery_dataset/5. Battery Data Set/1. BatteryAgingARC-FY08Q4/B0007.mat,https://phm-datasets.s3.amazonaws.com/NASA/5.+Battery+Data+Set.zip
B0007-D099,B0007,99,1.89105,1.5698,3.5051,32.64767,131.5519,0.83012,data/raw/nasa/battery_dataset/5. Battery Data Set/1. BatteryAgingARC-FY08Q4/B0007.mat,https://phm-datasets.s3.amazonaws.com/NASA/5.+Battery+Data+Set.zip
B0007-D100,B0007,100,1.89105,1.57026,3.50545,32.69939,131.5462,0.83036,data/raw/nasa/battery_dataset/5. Battery Data Set/1. BatteryAgingARC-FY08Q4/B0007.mat,https://phm-datasets.s3.amazonaws.com/NASA/5.+Battery+Data+Set.zip
B0007-D101,B0007,101,1.89105,1.56525,3.50007,32.72458,131.85237,0.82771,data/raw/nasa/battery_dataset/5. Battery Data Set/1. BatteryAgingARC-FY08Q4/B0007.mat,https://phm-datasets.s3.amazonaws.com/NASA/5.+Battery+Data+Set.zip
B0007-D102,B0007,102,1.89105,1.55963,3.50116,32.70434,132.63155,0.82474,data/raw/nasa/battery_dataset/5. Battery Data Set/1. BatteryAgingARC-FY08Q4/B0007.mat,https://phm-datasets.s3.amazonaws.com/NASA/5.+Battery+Data+Set.zip
B0007-D103,B0007,103,1.89105,1.56498,3.50041,32.74052,133.6161,0.82757,data/raw/nasa/battery_dataset/5. Battery Data Set/1. BatteryAgingARC-FY08Q4/B0007.mat,https://phm-datasets.s3.amazonaws.com/NASA/5.+Battery+Data+Set.zip
B0007-D104,B0007,104,1.89105,1.57498,3.50782,33.38713,129.93784,0.83286,data/raw/nasa/battery_dataset/5. Battery Data Set/1. BatteryAgingARC-FY08Q4/B0007.mat,https://phm-datasets.s3.amazonaws.com/NASA/5.+Battery+Data+Set.zip
B0007-D105,B0007,105,1.89105,1.56528,3.50252,33.27063,132.69677,0.82773,data/raw/nasa/battery_dataset/5. Battery Data Set/1. BatteryAgingARC-FY08Q4/B0007.mat,https://phm-datasets.s3.amazonaws.com/NASA/5.+Battery+Data+Set.zip
B0007-D106,B0007,106,1.89105,1.55976,3.50516,33.11507,132.58045,0.82481,data/raw/nasa/battery_dataset/5. Battery Data Set/1. BatteryAgingARC-FY08Q4/B0007.mat,https://phm-datasets.s3.amazonaws.com/NASA/5.+Battery+Data+Set.zip
B0007-D107,B0007,107,1.89105,1.5499,3.49836,32.90573,131.02274,0.8196,data/raw/nasa/battery_dataset/5. Battery Data Set/1. BatteryAgingARC-FY08Q4/B0007.mat,https://phm-datasets.s3.amazonaws.com/NASA/5.+Battery+Data+Set.zip
B0007-D108,B0007,108,1.89105,1.54388,3.50014,32.95311,129.60841,0.81641,data/raw/nasa/battery_dataset/5. Battery Data Set/1. BatteryAgingARC-FY08Q4/B0007.mat,https://phm-datasets.s3.amazonaws.com/NASA/5.+Battery+Data+Set.zip
B0007-D109,B0007,109,1.89105,1.54502,3.4991,33.22821,132.81754,0.81702,data/raw/nasa/battery_dataset/5. Battery Data Set/1. BatteryAgingARC-FY08Q4/B0007.mat,https://phm-datasets.s3.amazonaws.com/NASA/5.+Battery+Data+Set.zip
B0007-D110,B0007,110,1.89105,1.54459,3.50104,33.36134,133.75931,0.81679,data/raw/nasa/battery_dataset/5. Battery Data Set/1. BatteryAgingARC-FY08Q4/B0007.mat,https://phm-datasets.s3.amazonaws.com/NASA/5.+Battery+Data+Set.zip
B0007-D111,B0007,111,1.89105,1.53431,3.49721,33.12432,135.17655,0.81135,data/raw/nasa/battery_dataset/5. Battery Data Set/1. BatteryAgingARC-FY08Q4/B0007.mat,https://phm-datasets.s3.amazonaws.com/NASA/5.+Battery+Data+Set.zip
B0007-D112,B0007,112,1.89105,1.52876,3.49609,32.99155,136.68847,0.80842,data/raw/nasa/battery_dataset/5. Battery Data Set/1. BatteryAgingARC-FY08Q4/B0007.mat,https://phm-datasets.s3.amazonaws.com/NASA/5.+Battery+Data+Set.zip
B0007-D113,B0007,113,1.89105,1.52893,3.49588,33.23183,129.8355,0.80851,data/raw/nasa/battery_dataset/5. Battery Data Set/1. BatteryAgingARC-FY08Q4/B0007.mat,https://phm-datasets.s3.amazonaws.com/NASA/5.+Battery+Data+Set.zip
B0007-D114,B0007,114,1.89105,1.52909,3.49312,33.50981,133.15559,0.80859,data/raw/nasa/battery_dataset/5. Battery Data Set/1. BatteryAgingARC-FY08Q4/B0007.mat,https://phm-datasets.s3.amazonaws.com/NASA/5.+Battery+Data+Set.zip
B0007-D115,B0007,115,1.89105,1.52391,3.49266,33.3824,134.02127,0.80585,data/raw/nasa/battery_dataset/5. Battery Data Set/1. BatteryAgingARC-FY08Q4/B0007.mat,https://phm-datasets.s3.amazonaws.com/NASA/5.+Battery+Data+Set.zip
B0007-D116,B0007,116,1.89105,1.51867,3.49209,33.1783,136.54317,0.80308,data/raw/nasa/battery_dataset/5. Battery Data Set/1. BatteryAgingARC-FY08Q4/B0007.mat,https://phm-datasets.s3.amazonaws.com/NASA/5.+Battery+Data+Set.zip
B0007-D117,B0007,117,1.89105,1.51365,3.49022,33.01591,136.01604,0.80043,data/raw/nasa/battery_dataset/5. Battery Data Set/1. BatteryAgingARC-FY08Q4/B0007.mat,https://phm-datasets.s3.amazonaws.com/NASA/5.+Battery+Data+Set.zip
B0007-D118,B0007,118,1.89105,1.51361,3.49059,33.271,135.77138,0.8004,data/raw/nasa/battery_dataset/5. Battery Data Set/1. BatteryAgingARC-FY08Q4/B0007.mat,https://phm-datasets.s3.amazonaws.com/NASA/5.+Battery+Data+Set.zip
B0007-D119,B0007,119,1.89105,1.51395,3.49114,33.61967,135.79971,0.80058,data/raw/nasa/battery_dataset/5. Battery Data Set/1. BatteryAgingARC-FY08Q4/B0007.mat,https://phm-datasets.s3.amazonaws.com/NASA/5.+Battery+Data+Set.zip
B0007-D120,B0007,120,1.89105,1.53396,3.49284,33.29697,132.38418,0.81117,data/raw/nasa/battery_dataset/5. Battery Data Set/1. BatteryAgingARC-FY08Q4/B0007.mat,https://phm-datasets.s3.amazonaws.com/NASA/5.+Battery+Data+Set.zip
B0007-D121,B0007,121,1.89105,1.53914,3.50252,33.39313,139.19614,0.81391,data/raw/nasa/battery_dataset/5. Battery Data Set/1. BatteryAgingARC-FY08Q4/B0007.mat,https://phm-datasets.s3.amazonaws.com/NASA/5.+Battery+Data+Set.zip
B0007-D122,B0007,122,1.89105,1.52362,3.49295,33.13821,135.95586,0.8057,data/raw/nasa/battery_dataset/5. Battery Data Set/1. BatteryAgingARC-FY08Q4/B0007.mat,https://phm-datasets.s3.amazonaws.com/NASA/5.+Battery+Data+Set.zip
B0007-D123,B0007,123,1.89105,1.51358,3.49175,32.8407,139.05017,0.80039,data/raw/nasa/battery_dataset/5. Battery Data Set/1. BatteryAgingARC-FY08Q4/B0007.mat,https://phm-datasets.s3.amazonaws.com/NASA/5.+Battery+Data+Set.zip
B0007-D124,B0007,124,1.89105,1.50779,3.49043,32.7574,136.20623,0.79733,data/raw/nasa/battery_dataset/5. Battery Data Set/1. BatteryAgingARC-FY08Q4/B0007.mat,https://phm-datasets.s3.amazonaws.com/NASA/5.+Battery+Data+Set.zip
B0007-D125,B0007,125,1.89105,1.5032,3.48886,32.77234,138.58901,0.7949,data/raw/nasa/battery_dataset/5. Battery Data Set/1. BatteryAgingARC-FY08Q4/B0007.mat,https://phm-datasets.s3.amazonaws.com/NASA/5.+Battery+Data+Set.zip
B0007-D126,B0007,126,1.89105,1.49782,3.48919,32.72042,139.82762,0.79206,data/raw/nasa/battery_dataset/5. Battery Data Set/1. BatteryAgingARC-FY08Q4/B0007.mat,https://phm-datasets.s3.amazonaws.com/NASA/5.+Battery+Data+Set.zip
B0007-D127,B0007,127,1.89105,1.49285,3.48788,32.71002,140.51897,0.78943,data/raw/nasa/battery_dataset/5. Battery Data Set/1. BatteryAgingARC-FY08Q4/B0007.mat,https://phm-datasets.s3.amazonaws.com/NASA/5.+Battery+Data+Set.zip
B0007-D128,B0007,128,1.89105,1.49241,3.48643,32.62077,139.39473,0.7892,data/raw/nasa/battery_dataset/5. Battery Data Set/1. BatteryAgingARC-FY08Q4/B0007.mat,https://phm-datasets.s3.amazonaws.com/NASA/5.+Battery+Data+Set.zip
B0007-D129,B0007,129,1.89105,1.48748,3.48126,32.57652,141.65746,0.78659,data/raw/nasa/battery_dataset/5. Battery Data Set/1. BatteryAgingARC-FY08Q4/B0007.mat,https://phm-datasets.s3.amazonaws.com/NASA/5.+Battery+Data+Set.zip
B0007-D130,B0007,130,1.89105,1.48254,3.48236,32.58396,139.5001,0.78397,data/raw/nasa/battery_dataset/5. Battery Data Set/1. BatteryAgingARC-FY08Q4/B0007.mat,https://phm-datasets.s3.amazonaws.com/NASA/5.+Battery+Data+Set.zip
B0007-D131,B0007,131,1.89105,1.48279,3.48351,32.62374,138.67443,0.78411,data/raw/nasa/battery_dataset/5. Battery Data Set/1. BatteryAgingARC-FY08Q4/B0007.mat,https://phm-datasets.s3.amazonaws.com/NASA/5.+Battery+Data+Set.zip
B0007-D132,B0007,132,1.89105,1.47697,3.47898,32.58599,141.68897,0.78103,data/raw/nasa/battery_dataset/5. Battery Data Set/1. BatteryAgingARC-FY08Q4/B0007.mat,https://phm-datasets.s3.amazonaws.com/NASA/5.+Battery+Data+Set.zip
B0007-D133,B0007,133,1.89105,1.4819,3.4835,32.86454,140.60376,0.78364,data/raw/nasa/battery_dataset/5. Battery Data Set/1. BatteryAgingARC-FY08Q4/B0007.mat,https://phm-datasets.s3.amazonaws.com/NASA/5.+Battery+Data+Set.zip
B0007-D134,B0007,134,1.89105,1.49814,3.48997,33.07965,140.60376,0.79222,data/raw/nasa/battery_dataset/5. Battery Data Set/1. BatteryAgingARC-FY08Q4/B0007.mat,https://phm-datasets.s3.amazonaws.com/NASA/5.+Battery+Data+Set.zip
B0007-D135,B0007,135,1.89105,1.48208,3.4848,32.93214,139.67536,0.78373,data/raw/nasa/battery_dataset/5. Battery Data Set/1. BatteryAgingARC-FY08Q4/B0007.mat,https://phm-datasets.s3.amazonaws.com/NASA/5.+Battery+Data+Set.zip
B0007-D136,B0007,136,1.89105,1.47712,3.47835,32.75575,136.62584,0.78111,data/raw/nasa/battery_dataset/5. Battery Data Set/1. BatteryAgingARC-FY08Q4/B0007.mat,https://phm-datasets.s3.amazonaws.com/NASA/5.+Battery+Data+Set.zip
B0007-D137,B0007,137,1.89105,1.47208,3.47569,32.52965,140.26667,0.77844,data/raw/nasa/battery_dataset/5. Battery Data Set/1. BatteryAgingARC-FY08Q4/B0007.mat,https://phm-datasets.s3.amazonaws.com/NASA/5.+Battery+Data+Set.zip
B0007-D138,B0007,138,1.89105,1.47225,3.48143,32.84807,141.10187,0.77853,data/raw/nasa/battery_dataset/5. Battery Data Set/1. BatteryAgingARC-FY08Q4/B0007.mat,https://phm-datasets.s3.amazonaws.com/NASA/5.+Battery+Data+Set.zip
B0007-D139,B0007,139,1.89105,1.46701,3.47961,33.07233,152.66964,0.77576,data/raw/nasa/battery_dataset/5. Battery Data Set/1. BatteryAgingARC-FY08Q4/B0007.mat,https://phm-datasets.s3.amazonaws.com/NASA/5.+Battery+Data+Set.zip
B0007-D140,B0007,140,1.89105,1.46177,3.47823,32.85096,153.04949,0.77299,data/raw/nasa/battery_dataset/5. Battery Data Set/1. BatteryAgingARC-FY08Q4/B0007.mat,https://phm-datasets.s3.amazonaws.com/NASA/5.+Battery+Data+Set.zip
B0007-D141,B0007,141,1.89105,1.4567,3.47432,32.5723,153.322,0.77031,data/raw/nasa/battery_dataset/5. Battery Data Set/1. BatteryAgingARC-FY08Q4/B0007.mat,https://phm-datasets.s3.amazonaws.com/NASA/5.+Battery+Data+Set.zip
B0007-D142,B0007,142,1.89105,1.45135,3.47373,32.45068,153.22366,0.76749,data/raw/nasa/battery_dataset/5. Battery Data Set/1. BatteryAgingARC-FY08Q4/B0007.mat,https://phm-datasets.s3.amazonaws.com/NASA/5.+Battery+Data+Set.zip
B0007-D143,B0007,143,1.89105,1.45162,3.47481,32.73944,153.75591,0.76762,data/raw/nasa/battery_dataset/5. Battery Data Set/1. BatteryAgingARC-FY08Q4/B0007.mat,https://phm-datasets.s3.amazonaws.com/NASA/5.+Battery+Data+Set.zip
B0007-D144,B0007,144,1.89105,1.44682,3.4761,32.7759,153.9351,0.76509,data/raw/nasa/battery_dataset/5. Battery Data Set/1. BatteryAgingARC-FY08Q4/B0007.mat,https://phm-datasets.s3.amazonaws.com/NASA/5.+Battery+Data+Set.zip
B0007-D145,B0007,145,1.89105,1.44676,3.46868,32.58173,153.47998,0.76505,data/raw/nasa/battery_dataset/5. Battery Data Set/1. BatteryAgingARC-FY08Q4/B0007.mat,https://phm-datasets.s3.amazonaws.com/NASA/5.+Battery+Data+Set.zip
B0007-D146,B0007,146,1.89105,1.44138,3.4662,32.35021,156.07717,0.76221,data/raw/nasa/battery_dataset/5. Battery Data Set/1. BatteryAgingARC-FY08Q4/B0007.mat,https://phm-datasets.s3.amazonaws.com/NASA/5.+Battery+Data+Set.zip
B0007-D147,B0007,147,1.89105,1.43625,3.46818,32.28754,155.93416,0.7595,data/raw/nasa/battery_dataset/5. Battery Data Set/1. BatteryAgingARC-FY08Q4/B0007.mat,https://phm-datasets.s3.amazonaws.com/NASA/5.+Battery+Data+Set.zip
B0007-D148,B0007,148,1.89105,1.43682,3.46786,32.60324,157.18249,0.7598,data/raw/nasa/battery_dataset/5. Battery Data Set/1. BatteryAgingARC-FY08Q4/B0007.mat,https://phm-datasets.s3.amazonaws.com/NASA/5.+Battery+Data+Set.zip
B0007-D149,B0007,149,1.89105,1.43629,3.46625,32.61208,155.98893,0.75952,data/raw/nasa/battery_dataset/5. Battery Data Set/1. BatteryAgingARC-FY08Q4/B0007.mat,https://phm-datasets.s3.amazonaws.com/NASA/5.+Battery+Data+Set.zip
B0007-D150,B0007,150,1.89105,1.44186,3.46247,32.26743,154.69795,0.76246,data/raw/nasa/battery_dataset/5. Battery Data Set/1. BatteryAgingARC-FY08Q4/B0007.mat,https://phm-datasets.s3.amazonaws.com/NASA/5.+Battery+Data+Set.zip
B0007-D151,B0007,151,1.89105,1.46721,3.48052,32.63773,154.48796,0.77587,data/raw/nasa/battery_dataset/5. Battery Data Set/1. BatteryAgingARC-FY08Q4/B0007.mat,https://phm-datasets.s3.amazonaws.com/NASA/5.+Battery+Data+Set.zip
B0007-D152,B0007,152,1.89105,1.45186,3.47231,32.66526,153.15267,0.76775,data/raw/nasa/battery_dataset/5. Battery Data Set/1. BatteryAgingARC-FY08Q4/B0007.mat,https://phm-datasets.s3.amazonaws.com/NASA/5.+Battery+Data+Set.zip
B0007-D153,B0007,153,1.89105,1.44714,3.47436,32.50265,151.67216,0.76526,data/raw/nasa/battery_dataset/5. Battery Data Set/1. BatteryAgingARC-FY08Q4/B0007.mat,https://phm-datasets.s3.amazonaws.com/NASA/5.+Battery+Data+Set.zip
B0007-D154,B0007,154,1.89105,1.44179,3.47228,32.44684,150.35158,0.76243,data/raw/nasa/battery_dataset/5. Battery Data Set/1. BatteryAgingARC-FY08Q4/B0007.mat,https://phm-datasets.s3.amazonaws.com/NASA/5.+Battery+Data+Set.zip
B0007-D155,B0007,155,1.89105,1.43163,3.47018,32.39362,153.99753,0.75706,data/raw/nasa/battery_dataset/5. Battery Data Set/1. BatteryAgingARC-FY08Q4/B0007.mat,https://phm-datasets.s3.amazonaws.com/NASA/5.+Battery+Data+Set.zip
B0007-D156,B0007,156,1.89105,1.43181,3.4635,32.41722,154.79478,0.75715,data/raw/nasa/battery_dataset/5. Battery Data Set/1. BatteryAgingARC-FY08Q4/B0007.mat,https://phm-datasets.s3.amazonaws.com/NASA/5.+Battery+Data+Set.zip
B0007-D157,B0007,157,1.89105,1.42626,3.46745,32.40094,153.65238,0.75421,data/raw/nasa/battery_dataset/5. Battery Data Set/1. BatteryAgingARC-FY08Q4/B0007.mat,https://phm-datasets.s3.amazonaws.com/NASA/5.+Battery+Data+Set.zip
B0007-D158,B0007,158,1.89105,1.42609,3.46759,32.36314,155.07425,0.75412,data/raw/nasa/battery_dataset/5. Battery Data Set/1. BatteryAgingARC-FY08Q4/B0007.mat,https://phm-datasets.s3.amazonaws.com/NASA/5.+Battery+Data+Set.zip
B0007-D159,B0007,159,1.89105,1.42126,3.46218,32.3826,156.07022,0.75157,data/raw/nasa/battery_dataset/5. Battery Data Set/1. BatteryAgingARC-FY08Q4/B0007.mat,https://phm-datasets.s3.amazonaws.com/NASA/5.+Battery+Data+Set.zip
B0007-D160,B0007,160,1.89105,1.41633,3.46596,32.43238,154.93265,0.74896,data/raw/nasa/battery_dataset/5. Battery Data Set/1. BatteryAgingARC-FY08Q4/B0007.mat,https://phm-datasets.s3.amazonaws.com/NASA/5.+Battery+Data+Set.zip
B0007-D161,B0007,161,1.89105,1.41658,3.46017,32.48862,156.3865,0.7491,data/raw/nasa/battery_dataset/5. Battery Data Set/1. BatteryAgingARC-FY08Q4/B0007.mat,https://phm-datasets.s3.amazonaws.com/NASA/5.+Battery+Data+Set.zip
B0007-D162,B0007,162,1.89105,1.41084,3.46423,32.52406,155.6667,0.74606,data/raw/nasa/battery_dataset/5. Battery Data Set/1. BatteryAgingARC-FY08Q4/B0007.mat,https://phm-datasets.s3.amazonaws.com/NASA/5.+Battery+Data+Set.zip
B0007-D163,B0007,163,1.89105,1.41099,3.4588,32.48262,155.94491,0.74614,data/raw/nasa/battery_dataset/5. Battery Data Set/1. BatteryAgingARC-FY08Q4/B0007.mat,https://phm-datasets.s3.amazonaws.com/NASA/5.+Battery+Data+Set.zip
B0007-D164,B0007,164,1.89105,1.40617,3.46208,32.4639,158.08114,0.74359,data/raw/nasa/battery_dataset/5. Battery Data Set/1. BatteryAgingARC-FY08Q4/B0007.mat,https://phm-datasets.s3.amazonaws.com/NASA/5.+Battery+Data+Set.zip
B0007-D165,B0007,165,1.89105,1.40634,3.45788,32.55681,158.25824,0.74368,data/raw/nasa/battery_dataset/5. Battery Data Set/1. BatteryAgingARC-FY08Q4/B0007.mat,https://phm-datasets.s3.amazonaws.com/NASA/5.+Battery+Data+Set.zip
B0007-D166,B0007,166,1.89105,1.40046,3.46159,32.5763,156.252,0.74057,data/raw/nasa/battery_dataset/5. Battery Data Set/1. BatteryAgingARC-FY08Q4/B0007.mat,https://phm-datasets.s3.amazonaws.com/NASA/5.+Battery+Data+Set.zip
B0007-D167,B0007,167,1.89105,1.42179,3.46291,32.81805,152.23743,0.75185,data/raw/nasa/battery_dataset/5. Battery Data Set/1. BatteryAgingARC-FY08Q4/B0007.mat,https://phm-datasets.s3.amazonaws.com/NASA/5.+Battery+Data+Set.zip
B0007-D168,B0007,168,1.89105,1.43246,3.47536,32.92941,160.4562,0.75749,data/raw/nasa/battery_dataset/5. Battery Data Set/1. BatteryAgingARC-FY08Q4/B0007.mat,https://phm-datasets.s3.amazonaws.com/NASA/5.+Battery+Data+Set.zip
B0018-D001,B0018,1,1.855,1.855,3.52755,31.77329,160.71185,1.0,data/raw/nasa/battery_dataset/5. Battery Data Set/1. BatteryAgingARC-FY08Q4/B0018.mat,https://phm-datasets.s3.amazonaws.com/NASA/5.+Battery+Data+Set.zip
B0018-D002,B0018,2,1.855,1.8432,3.53484,31.92489,154.31548,0.99363,data/raw/nasa/battery_dataset/5. Battery Data Set/1. BatteryAgingARC-FY08Q4/B0018.mat,https://phm-datasets.s3.amazonaws.com/NASA/5.+Battery+Data+Set.zip
B0018-D003,B0018,3,1.855,1.8396,3.53825,31.31691,153.26131,0.9917,data/raw/nasa/battery_dataset/5. Battery Data Set/1. BatteryAgingARC-FY08Q4/B0018.mat,https://phm-datasets.s3.amazonaws.com/NASA/5.+Battery+Data+Set.zip
B0018-D004,B0018,4,1.855,1.83067,3.5377,30.82119,152.74928,0.98688,data/raw/nasa/battery_dataset/5. Battery Data Set/1. BatteryAgingARC-FY08Q4/B0018.mat,https://phm-datasets.s3.amazonaws.com/NASA/5.+Battery+Data+Set.zip
B0018-D005,B0018,5,1.855,1.8327,3.54267,31.95347,153.4528,0.98798,data/raw/nasa/battery_dataset/5. Battery Data Set/1. BatteryAgingARC-FY08Q4/B0018.mat,https://phm-datasets.s3.amazonaws.com/NASA/5.+Battery+Data+Set.zip
B0018-D006,B0018,6,1.855,1.82853,3.5451,32.02311,153.4528,0.98573,data/raw/nasa/battery_dataset/5. Battery Data Set/1. BatteryAgingARC-FY08Q4/B0018.mat,https://phm-datasets.s3.amazonaws.com/NASA/5.+Battery+Data+Set.zip
B0018-D007,B0018,7,1.855,1.8212,3.54751,31.63453,150.30903,0.98178,data/raw/nasa/battery_dataset/5. Battery Data Set/1. BatteryAgingARC-FY08Q4/B0018.mat,https://phm-datasets.s3.amazonaws.com/NASA/5.+Battery+Data+Set.zip
B0018-D008,B0018,8,1.855,1.81517,3.54481,31.28819,150.30903,0.97853,data/raw/nasa/battery_dataset/5. Battery Data Set/1. BatteryAgingARC-FY08Q4/B0018.mat,https://phm-datasets.s3.amazonaws.com/NASA/5.+Battery+Data+Set.zip
B0018-D009,B0018,9,1.855,1.8043,3.54348,31.11122,150.30903,0.97267,data/raw/nasa/battery_dataset/5. Battery Data Set/1. BatteryAgingARC-FY08Q4/B0018.mat,https://phm-datasets.s3.amazonaws.com/NASA/5.+Battery+Data+Set.zip
B0018-D010,B0018,10,1.855,1.8231,3.54313,31.13167,149.01048,0.9828,data/raw/nasa/battery_dataset/5. Battery Data Set/1. BatteryAgingARC-FY08Q4/B0018.mat,https://phm-datasets.s3.amazonaws.com/NASA/5.+Battery+Data+Set.zip
B0018-D011,B0018,11,1.855,1.81213,3.54516,31.51306,149.01048,0.97688,data/raw/nasa/battery_dataset/5. Battery Data Set/1. BatteryAgingARC-FY08Q4/B0018.mat,https://phm-datasets.s3.amazonaws.com/NASA/5.+Battery+Data+Set.zip
B0018-D012,B0018,12,1.855,1.80469,3.54503,31.31103,149.00973,0.97288,data/raw/nasa/battery_dataset/5. Battery Data Set/1. BatteryAgingARC-FY08Q4/B0018.mat,https://phm-datasets.s3.amazonaws.com/NASA/5.+Battery+Data+Set.zip
B0018-D013,B0018,13,1.855,1.79084,3.54409,30.89396,149.00973,0.96541,data/raw/nasa/battery_dataset/5. Battery Data Set/1. BatteryAgingARC-FY08Q4/B0018.mat,https://phm-datasets.s3.amazonaws.com/NASA/5.+Battery+Data+Set.zip
B0018-D014,B0018,14,1.855,1.78347,3.54132,30.5406,149.00973,0.96144,data/raw/nasa/battery_dataset/5. Battery Data Set/1. BatteryAgingARC-FY08Q4/B0018.mat,https://phm-datasets.s3.amazonaws.com/NASA/5.+Battery+Data+Set.zip
B0018-D015,B0018,15,1.855,1.78094,3.5412,30.82566,148.11593,0.96007,data/raw/nasa/battery_dataset/5. Battery Data Set/1. BatteryAgingARC-FY08Q4/B0018.mat,https://phm-datasets.s3.amazonaws.com/NASA/5.+Battery+Data+Set.zip
B0018-D016,B0018,16,1.855,1.77121,3.54126,31.4514,148.11593,0.95483,data/raw/nasa/battery_dataset/5. Battery Data Set/1. BatteryAgingARC-FY08Q4/B0018.mat,https://phm-datasets.s3.amazonaws.com/NASA/5.+Battery+Data+Set.zip
B0018-D017,B0018,17,1.855,1.76863,3.54275,31.51885,148.19835,0.95344,data/raw/nasa/battery_dataset/5. Battery Data Set/1. BatteryAgingARC-FY08Q4/B0018.mat,https://phm-datasets.s3.amazonaws.com/NASA/5.+Battery+Data+Set.zip
B0018-D018,B0018,18,1.855,1.75363,3.54125,31.11237,148.19835,0.94535,data/raw/nasa/battery_dataset/5. Battery Data Set/1. BatteryAgingARC-FY08Q4/B0018.mat,https://phm-datasets.s3.amazonaws.com/NASA/5.+Battery+Data+Set.zip
B0018-D019,B0018,19,1.855,1.74622,3.53503,30.58645,148.19835,0.94136,data/raw/nasa/battery_dataset/5. Battery Data Set/1. BatteryAgingARC-FY08Q4/B0018.mat,https://phm-datasets.s3.amazonaws.com/NASA/5.+Battery+Data+Set.zip
B0018-D020,B0018,20,1.855,1.73766,3.53266,30.24291,147.90453,0.93674,data/raw/nasa/battery_dataset/5. Battery Data Set/1. BatteryAgingARC-FY08Q4/B0018.mat,https://phm-datasets.s3.amazonaws.com/NASA/5.+Battery+Data+Set.zip
B0018-D021,B0018,21,1.855,1.73152,3.53331,30.1027,147.90453,0.93343,data/raw/nasa/battery_dataset/5. Battery Data Set/1. BatteryAgingARC-FY08Q4/B0018.mat,https://phm-datasets.s3.amazonaws.com/NASA/5.+Battery+Data+Set.zip
B0018-D022,B0018,22,1.855,1.70859,3.52739,30.25118,149.54961,0.92107,data/raw/nasa/battery_dataset/5. Battery Data Set/1. BatteryAgingARC-FY08Q4/B0018.mat,https://phm-datasets.s3.amazonaws.com/NASA/5.+Battery+Data+Set.zip
B0018-D023,B0018,23,1.855,1.71147,3.5296,30.21241,149.54961,0.92262,data/raw/nasa/battery_dataset/5. Battery Data Set/1. BatteryAgingARC-FY08Q4/B0018.mat,https://phm-datasets.s3.amazonaws.com/NASA/5.+Battery+Data+Set.zip
B0018-D024,B0018,24,1.855,1.7075,3.52897,30.12501,149.54961,0.92048,data/raw/nasa/battery_dataset/5. Battery Data Set/1. BatteryAgingARC-FY08Q4/B0018.mat,https://phm-datasets.s3.amazonaws.com/NASA/5.+Battery+Data+Set.zip
B0018-D025,B0018,25,1.855,1.74924,3.53227,30.22429,146.43753,0.94298,data/raw/nasa/battery_dataset/5. Battery Data Set/1. BatteryAgingARC-FY08Q4/B0018.mat,https://phm-datasets.s3.amazonaws.com/NASA/5.+Battery+Data+Set.zip
B0018-D026,B0018,26,1.855,1.73277,3.53244,30.97638,146.43753,0.93411,data/raw/nasa/battery_dataset/5. Battery Data Set/1. BatteryAgingARC-FY08Q4/B0018.mat,https://phm-datasets.s3.amazonaws.com/NASA/5.+Battery+Data+Set.zip
B0018-D027,B0018,27,1.855,1.72223,3.53632,31.4157,147.87722,0.92842,data/raw/nasa/battery_dataset/5. Battery Data Set/1. BatteryAgingARC-FY08Q4/B0018.mat,https://phm-datasets.s3.amazonaws.com/NASA/5.+Battery+Data+Set.zip
B0018-D028,B0018,28,1.855,1.71185,3.53354,31.3833,147.87722,0.92283,data/raw/nasa/battery_dataset/5. Battery Data Set/1. BatteryAgingARC-FY08Q4/B0018.mat,https://phm-datasets.s3.amazonaws.com/NASA/5.+Battery+Data+Set.zip
B0018-D029,B0018,29,1.855,1.69927,3.52701,31.16794,147.87722,0.91605,data/raw/nasa/battery_dataset/5. Battery Data Set/1. BatteryAgingARC-FY08Q4/B0018.mat,https://phm-datasets.s3.amazonaws.com/NASA/5.+Battery+Data+Set.zip
B0018-D030,B0018,30,1.855,1.69404,3.52926,30.99469,146.39401,0.91323,data/raw/nasa/battery_dataset/5. Battery Data Set/1. BatteryAgingARC-FY08Q4/B0018.mat,https://phm-datasets.s3.amazonaws.com/NASA/5.+Battery+Data+Set.zip
B0018-D031,B0018,31,1.855,1.6819,3.52782,31.05532,146.39401,0.90668,data/raw/nasa/battery_dataset/5. Battery Data Set/1. BatteryAgingARC-FY08Q4/B0018.mat,https://phm-datasets.s3.amazonaws.com/NASA/5.+Battery+Data+Set.zip
B0018-D032,B0018,32,1.855,1.67698,3.52569,31.37395,148.90121,0.90403,data/raw/nasa/battery_dataset/5. Battery Data Set/1. BatteryAgingARC-FY08Q4/B0018.mat,https://phm-datasets.s3.amazonaws.com/NASA/5.+Battery+Data+Set.zip
B0018-D033,B0018,33,1.855,1.66552,3.5244,31.56128,148.90121,0.89785,data/raw/nasa/battery_dataset/5. Battery Data Set/1. BatteryAgingARC-FY08Q4/B0018.mat,https://phm-datasets.s3.amazonaws.com/NASA/5.+Battery+Data+Set.zip
B0018-D034,B0018,34,1.855,1.65719,3.5208,31.31847,148.90121,0.89336,data/raw/nasa/battery_dataset/5. Battery Data Set/1. BatteryAgingARC-FY08Q4/B0018.mat,https://phm-datasets.s3.amazonaws.com/NASA/5.+Battery+Data+Set.zip
B0018-D035,B0018,35,1.855,1.64822,3.51946,31.10401,146.15824,0.88853,data/raw/nasa/battery_dataset/5. Battery Data Set/1. BatteryAgingARC-FY08Q4/B0018.mat,https://phm-datasets.s3.amazonaws.com/NASA/5.+Battery+Data+Set.zip
B0018-D036,B0018,36,1.855,1.63877,3.51317,30.98973,146.15824,0.88343,data/raw/nasa/battery_dataset/5. Battery Data Set/1. BatteryAgingARC-FY08Q4/B0018.mat,https://phm-datasets.s3.amazonaws.com/NASA/5.+Battery+Data+Set.zip
B0018-D037,B0018,37,1.855,1.62765,3.51722,30.96785,148.38161,0.87744,data/raw/nasa/battery_dataset/5. Battery Data Set/1. BatteryAgingARC-FY08Q4/B0018.mat,https://phm-datasets.s3.amazonaws.com/NASA/5.+Battery+Data+Set.zip
B0018-D038,B0018,38,1.855,1.62215,3.51201,31.28534,148.38161,0.87447,data/raw/nasa/battery_dataset/5. Battery Data Set/1. BatteryAgingARC-FY08Q4/B0018.mat,https://phm-datasets.s3.amazonaws.com/NASA/5.+Battery+Data+Set.zip
B0018-D039,B0018,39,1.855,1.61401,3.50911,31.41096,148.38161,0.87008,data/raw/nasa/battery_dataset/5. Battery Data Set/1. BatteryAgingARC-FY08Q4/B0018.mat,https://phm-datasets.s3.amazonaws.com/NASA/5.+Battery+Data+Set.zip
B0018-D040,B0018,40,1.855,1.67605,3.51611,30.75514,146.51707,0.90353,data/raw/nasa/battery_dataset/5. Battery Data Set/1. BatteryAgingARC-FY08Q4/B0018.mat,https://phm-datasets.s3.amazonaws.com/NASA/5.+Battery+Data+Set.zip
B0018-D041,B0018,41,1.855,1.6493,3.51901,30.97745,146.51707,0.88911,data/raw/nasa/battery_dataset/5. Battery Data Set/1. BatteryAgingARC-FY08Q4/B0018.mat,https://phm-datasets.s3.amazonaws.com/NASA/5.+Battery+Data+Set.zip
B0018-D042,B0018,42,1.855,1.63238,3.51242,30.80051,148.015,0.87999,data/raw/nasa/battery_dataset/5. Battery Data Set/1. BatteryAgingARC-FY08Q4/B0018.mat,https://phm-datasets.s3.amazonaws.com/NASA/5.+Battery+Data+Set.zip
B0018-D043,B0018,43,1.855,1.61642,3.50815,30.61619,148.015,0.87138,data/raw/nasa/battery_dataset/5. Battery Data Set/1. BatteryAgingARC-FY08Q4/B0018.mat,https://phm-datasets.s3.amazonaws.com/NASA/5.+Battery+Data+Set.zip
B0018-D044,B0018,44,1.855,1.6109,3.50865,30.39984,148.015,0.86841,data/raw/nasa/battery_dataset/5. Battery Data Set/1. BatteryAgingARC-FY08Q4/B0018.mat,https://phm-datasets.s3.amazonaws.com/NASA/5.+Battery+Data+Set.zip
B0018-D045,B0018,45,1.855,1.59546,3.5052,30.38387,146.96458,0.86009,data/raw/nasa/battery_dataset/5. Battery Data Set/1. BatteryAgingARC-FY08Q4/B0018.mat,https://phm-datasets.s3.amazonaws.com/NASA/5.+Battery+Data+Set.zip
B0018-D046,B0018,46,1.855,1.72671,3.52317,30.57624,146.96458,0.93084,data/raw/nasa/battery_dataset/5. Battery Data Set/1. BatteryAgingARC-FY08Q4/B0018.mat,https://phm-datasets.s3.amazonaws.com/NASA/5.+Battery+Data+Set.zip
B0018-D047,B0018,47,1.855,1.71657,3.52727,30.70591,146.96458,0.92537,data/raw/nasa/battery_dataset/5. Battery Data Set/1. BatteryAgingARC-FY08Q4/B0018.mat,https://phm-datasets.s3.amazonaws.com/NASA/5.+Battery+Data+Set.zip
B0018-D048,B0018,48,1.855,1.69582,3.52676,30.62584,149.36823,0.91419,data/raw/nasa/battery_dataset/5. Battery Data Set/1. BatteryAgingARC-FY08Q4/B0018.mat,https://phm-datasets.s3.amazonaws.com/NASA/5.+Battery+Data+Set.zip
B0018-D049,B0018,49,1.855,1.67778,3.52302,30.59736,149.36823,0.90446,data/raw/nasa/battery_dataset/5. Battery Data Set/1. BatteryAgingARC-FY08Q4/B0018.mat,https://phm-datasets.s3.amazonaws.com/NASA/5.+Battery+Data+Set.zip
B0018-D050,B0018,50,1.855,1.66066,3.51979,30.52849,149.36823,0.89523,data/raw/nasa/battery_dataset/5. Battery Data Set/1. BatteryAgingARC-FY08Q4/B0018.mat,https://phm-datasets.s3.amazonaws.com/NASA/5.+Battery+Data+Set.zip
B0018-D051,B0018,51,1.855,1.66641,3.5251,31.20375,149.36823,0.89833,data/raw/nasa/battery_dataset/5. Battery Data Set/1. BatteryAgingARC-FY08Q4/B0018.mat,https://phm-datasets.s3.amazonaws.com/NASA/5.+Battery+Data+Set.zip
B0018-D052,B0018,52,1.855,1.64683,3.51852,31.17264,149.36823,0.88778,data/raw/nasa/battery_dataset/5. Battery Data Set/1. BatteryAgingARC-FY08Q4/B0018.mat,https://phm-datasets.s3.amazonaws.com/NASA/5.+Battery+Data+Set.zip
B0018-D053,B0018,53,1.855,1.62576,3.51908,30.96826,146.86753,0.87642,data/raw/nasa/battery_dataset/5. Battery Data Set/1. BatteryAgingARC-FY08Q4/B0018.mat,https://phm-datasets.s3.amazonaws.com/NASA/5.+Battery+Data+Set.zip
B0018-D054,B0018,54,1.855,1.61216,3.51142,30.8217,146.86753,0.86909,data/raw/nasa/battery_dataset/5. Battery Data Set/1. BatteryAgingARC-FY08Q4/B0018.mat,https://phm-datasets.s3.amazonaws.com/NASA/5.+Battery+Data+Set.zip
B0018-D055,B0018,55,1.855,1.60574,3.5108,30.76522,146.86753,0.86562,data/raw/nasa/battery_dataset/5. Battery Data Set/1. BatteryAgingARC-FY08Q4/B0018.mat,https://phm-datasets.s3.amazonaws.com/NASA/5.+Battery+Data+Set.zip
B0018-D056,B0018,56,1.855,1.67365,3.51433,30.80999,146.10909,0.90223,data/raw/nasa/battery_dataset/5. Battery Data Set/1. BatteryAgingARC-FY08Q4/B0018.mat,https://phm-datasets.s3.amazonaws.com/NASA/5.+Battery+Data+Set.zip
B0018-D057,B0018,57,1.855,1.64043,3.51967,31.03903,146.10909,0.88433,data/raw/nasa/battery_dataset/5. Battery Data Set/1. BatteryAgingARC-FY08Q4/B0018.mat,https://phm-datasets.s3.amazonaws.com/NASA/5.+Battery+Data+Set.zip
B0018-D058,B0018,58,1.855,1.61327,3.5124,31.04176,148.30719,0.86968,data/raw/nasa/battery_dataset/5. Battery Data Set/1. BatteryAgingARC-FY08Q4/B0018.mat,https://phm-datasets.s3.amazonaws.com/NASA/5.+Battery+Data+Set.zip
B0018-D059,B0018,59,1.855,1.5921,3.50779,30.95978,148.30719,0.85827,data/raw/nasa/battery_dataset/5. Battery Data Set/1. BatteryAgingARC-FY08Q4/B0018.mat,https://phm-datasets.s3.amazonaws.com/NASA/5.+Battery+Data+Set.zip
B0018-D060,B0018,60,1.855,1.5866,3.50766,30.84351,148.30719,0.85531,data/raw/nasa/battery_dataset/5. Battery Data Set/1. BatteryAgingARC-FY08Q4/B0018.mat,https://phm-datasets.s3.amazonaws.com/NASA/5.+Battery+Data+Set.zip
B0018-D061,B0018,61,1.855,1.58008,3.50748,30.79716,146.79018,0.85179,data/raw/nasa/battery_dataset/5. Battery Data Set/1. BatteryAgingARC-FY08Q4/B0018.mat,https://phm-datasets.s3.amazonaws.com/NASA/5.+Battery+Data+Set.zip
B0018-D062,B0018,62,1.855,1.56417,3.50239,30.98443,146.79018,0.84322,data/raw/nasa/battery_dataset/5. Battery Data Set/1. BatteryAgingARC-FY08Q4/B0018.mat,https://phm-datasets.s3.amazonaws.com/NASA/5.+Battery+Data+Set.zip
B0018-D063,B0018,63,1.855,1.55562,3.50369,30.9679,151.76162,0.83861,data/raw/nasa/battery_dataset/5. Battery Data Set/1. BatteryAgingARC-FY08Q4/B0018.mat,https://phm-datasets.s3.amazonaws.com/NASA/5.+Battery+Data+Set.zip
B0018-D064,B0018,64,1.855,1.5402,3.49899,30.97662,151.76162,0.8303,data/raw/nasa/battery_dataset/5. Battery Data Set/1. BatteryAgingARC-FY08Q4/B0018.mat,https://phm-datasets.s3.amazonaws.com/NASA/5.+Battery+Data+Set.zip
B0018-D065,B0018,65,1.855,1.53216,3.49541,30.89769,151.76162,0.82596,data/raw/nasa/battery_dataset/5. Battery Data Set/1. BatteryAgingARC-FY08Q4/B0018.mat,https://phm-datasets.s3.amazonaws.com/NASA/5.+Battery+Data+Set.zip
B0018-D066,B0018,66,1.855,1.53162,3.49453,30.81569,147.97321,0.82567,data/raw/nasa/battery_dataset/5. Battery Data Set/1. BatteryAgingARC-FY08Q4/B0018.mat,https://phm-datasets.s3.amazonaws.com/NASA/5.+Battery+Data+Set.zip
B0018-D067,B0018,67,1.855,1.52226,3.49626,30.72619,147.97321,0.82062,data/raw/nasa/battery_dataset/5. Battery Data Set/1. BatteryAgingARC-FY08Q4/B0018.mat,https://phm-datasets.s3.amazonaws.com/NASA/5.+Battery+Data+Set.zip
B0018-D068,B0018,68,1.855,1.50653,3.4877,30.76819,152.77077,0.81214,data/raw/nasa/battery_dataset/5. Battery Data Set/1. BatteryAgingARC-FY08Q4/B0018.mat,https://phm-datasets.s3.amazonaws.com/NASA/5.+Battery+Data+Set.zip
B0018-D069,B0018,69,1.855,1.50142,3.48655,30.77542,152.77077,0.80939,data/raw/nasa/battery_dataset/5. Battery Data Set/1. BatteryAgingARC-FY08Q4/B0018.mat,https://phm-datasets.s3.amazonaws.com/NASA/5.+Battery+Data+Set.zip
B0018-D070,B0018,70,1.855,1.49635,3.4823,30.76182,152.77077,0.80666,data/raw/nasa/battery_dataset/5. Battery Data Set/1. BatteryAgingARC-FY08Q4/B0018.mat,https://phm-datasets.s3.amazonaws.com/NASA/5.+Battery+Data+Set.zip
B0018-D071,B0018,71,1.855,1.53343,3.49182,30.91372,150.39861,0.82664,data/raw/nasa/battery_dataset/5. Battery Data Set/1. BatteryAgingARC-FY08Q4/B0018.mat,https://phm-datasets.s3.amazonaws.com/NASA/5.+Battery+Data+Set.zip
B0018-D072,B0018,72,1.855,1.52385,3.494,31.22822,150.39861,0.82148,data/raw/nasa/battery_dataset/5. Battery Data Set/1. BatteryAgingARC-FY08Q4/B0018.mat,https://phm-datasets.s3.amazonaws.com/NASA/5.+Battery+Data+Set.zip
B0018-D073,B0018,73,1.855,1.50119,3.48438,31.26168,151.30841,0.80927,data/raw/nasa/battery_dataset/5. Battery Data Set/1. BatteryAgingARC-FY08Q4/B0018.mat,https://phm-datasets.s3.amazonaws.com/NASA/5.+Battery+Data+Set.zip
B0018-D074,B0018,74,1.855,1.49242,3.48591,31.18409,151.30841,0.80454,data/raw/nasa/battery_dataset/5. Battery Data Set/1. BatteryAgingARC-FY08Q4/B0018.mat,https://phm-datasets.s3.amazonaws.com/NASA/5.+Battery+Data+Set.zip
B0018-D075,B0018,75,1.855,1.48332,3.48428,31.00143,151.30841,0.79963,data/raw/nasa/battery_dataset/5. Battery Data Set/1. BatteryAgingARC-FY08Q4/B0018.mat,https://phm-datasets.s3.amazonaws.com/NASA/5.+Battery+Data+Set.zip
B0018-D076,B0018,76,1.855,1.48074,3.48299,30.98137,151.30841,0.79824,data/raw/nasa/battery_dataset/5. Battery Data Set/1. BatteryAgingARC-FY08Q4/B0018.mat,https://phm-datasets.s3.amazonaws.com/NASA/5.+Battery+Data+Set.zip
B0018-D077,B0018,77,1.855,1.47351,3.4838,31.08869,151.30841,0.79434,data/raw/nasa/battery_dataset/5. Battery Data Set/1. BatteryAgingARC-FY08Q4/B0018.mat,https://phm-datasets.s3.amazonaws.com/NASA/5.+Battery+Data+Set.zip
B0018-D078,B0018,78,1.855,1.46802,3.47875,31.33642,155.46426,0.79138,data/raw/nasa/battery_dataset/5. Battery Data Set/1. BatteryAgingARC-FY08Q4/B0018.mat,https://phm-datasets.s3.amazonaws.com/NASA/5.+Battery+Data+Set.zip
B0018-D079,B0018,79,1.855,1.45809,3.47522,31.226,155.46426,0.78603,data/raw/nasa/battery_dataset/5. Battery Data Set/1. BatteryAgingARC-FY08Q4/B0018.mat,https://phm-datasets.s3.amazonaws.com/NASA/5.+Battery+Data+Set.zip
B0018-D080,B0018,80,1.855,1.44787,3.47074,31.03732,155.46426,0.78052,data/raw/nasa/battery_dataset/5. Battery Data Set/1. BatteryAgingARC-FY08Q4/B0018.mat,https://phm-datasets.s3.amazonaws.com/NASA/5.+Battery+Data+Set.zip
B0018-D081,B0018,81,1.855,1.45278,3.4746,30.81135,150.85592,0.78317,data/raw/nasa/battery_dataset/5. Battery Data Set/1. BatteryAgingARC-FY08Q4/B0018.mat,https://phm-datasets.s3.amazonaws.com/NASA/5.+Battery+Data+Set.zip
B0018-D082,B0018,82,1.855,1.44254,3.47405,30.93222,150.85592,0.77765,data/raw/nasa/battery_dataset/5. Battery Data Set/1. BatteryAgingARC-FY08Q4/B0018.mat,https://phm-datasets.s3.amazonaws.com/NASA/5.+Battery+Data+Set.zip
B0018-D083,B0018,83,1.855,1.43927,3.47508,31.21553,155.00846,0.77589,data/raw/nasa/battery_dataset/5. Battery Data Set/1. BatteryAgingARC-FY08Q4/B0018.mat,https://phm-datasets.s3.amazonaws.com/NASA/5.+Battery+Data+Set.zip
B0018-D084,B0018,84,1.855,1.42865,3.47242,31.4008,155.00846,0.77016,data/raw/nasa/battery_dataset/5. Battery Data Set/1. BatteryAgingARC-FY08Q4/B0018.mat,https://phm-datasets.s3.amazonaws.com/NASA/5.+Battery+Data+Set.zip
B0018-D085,B0018,85,1.855,1.4249,3.47175,31.25921,155.00846,0.76814,data/raw/nasa/battery_dataset/5. Battery Data Set/1. BatteryAgingARC-FY08Q4/B0018.mat,https://phm-datasets.s3.amazonaws.com/NASA/5.+Battery+Data+Set.zip
B0018-D086,B0018,86,1.855,1.46981,3.47454,31.1347,151.85178,0.79235,data/raw/nasa/battery_dataset/5. Battery Data Set/1. BatteryAgingARC-FY08Q4/B0018.mat,https://phm-datasets.s3.amazonaws.com/NASA/5.+Battery+Data+Set.zip
B0018-D087,B0018,87,1.855,1.45258,3.47172,31.24688,151.85178,0.78306,data/raw/nasa/battery_dataset/5. Battery Data Set/1. BatteryAgingARC-FY08Q4/B0018.mat,https://phm-datasets.s3.amazonaws.com/NASA/5.+Battery+Data+Set.zip
B0018-D088,B0018,88,1.855,1.44283,3.4714,31.02756,153.85762,0.77781,data/raw/nasa/battery_dataset/5. Battery Data Set/1. BatteryAgingARC-FY08Q4/B0018.mat,https://phm-datasets.s3.amazonaws.com/NASA/5.+Battery+Data+Set.zip
B0018-D089,B0018,89,1.855,1.42838,3.46265,30.93192,153.85762,0.77001,data/raw/nasa/battery_dataset/5. Battery Data Set/1. BatteryAgingARC-FY08Q4/B0018.mat,https://phm-datasets.s3.amazonaws.com/NASA/5.+Battery+Data+Set.zip
B0018-D090,B0018,90,1.855,1.41545,3.46607,30.66708,153.85762,0.76305,data/raw/nasa/battery_dataset/5. Battery Data Set/1. BatteryAgingARC-FY08Q4/B0018.mat,https://phm-datasets.s3.amazonaws.com/NASA/5.+Battery+Data+Set.zip
B0018-D091,B0018,91,1.855,1.45458,3.47307,31.22679,153.85762,0.78414,data/raw/nasa/battery_dataset/5. Battery Data Set/1. BatteryAgingARC-FY08Q4/B0018.mat,https://phm-datasets.s3.amazonaws.com/NASA/5.+Battery+Data+Set.zip
B0018-D092,B0018,92,1.855,1.42832,3.46685,31.38773,153.85762,0.76998,data/raw/nasa/battery_dataset/5. Battery Data Set/1. BatteryAgingARC-FY08Q4/B0018.mat,https://phm-datasets.s3.amazonaws.com/NASA/5.+Battery+Data+Set.zip
B0018-D093,B0018,93,1.855,1.4197,3.46527,31.50567,155.67674,0.76534,data/raw/nasa/battery_dataset/5. Battery Data Set/1. BatteryAgingARC-FY08Q4/B0018.mat,https://phm-datasets.s3.amazonaws.com/NASA/5.+Battery+Data+Set.zip
B0018-D094,B0018,94,1.855,1.41556,3.46389,31.54623,155.67674,0.7631,data/raw/nasa/battery_dataset/5. Battery Data Set/1. BatteryAgingARC-FY08Q4/B0018.mat,https://phm-datasets.s3.amazonaws.com/NASA/5.+Battery+Data+Set.zip
B0018-D095,B0018,95,1.855,1.40568,3.45781,31.38998,155.67674,0.75778,data/raw/nasa/battery_dataset/5. Battery Data Set/1. BatteryAgingARC-FY08Q4/B0018.mat,https://phm-datasets.s3.amazonaws.com/NASA/5.+Battery+Data+Set.zip
B0018-D096,B0018,96,1.855,1.40845,3.45981,31.38543,151.12374,0.75927,data/raw/nasa/battery_dataset/5. Battery Data Set/1. BatteryAgingARC-FY08Q4/B0018.mat,https://phm-datasets.s3.amazonaws.com/NASA/5.+Battery+Data+Set.zip
B0018-D097,B0018,97,1.855,1.39685,3.45803,31.42371,151.12374,0.75302,data/raw/nasa/battery_dataset/5. Battery Data Set/1. BatteryAgingARC-FY08Q4/B0018.mat,https://phm-datasets.s3.amazonaws.com/NASA/5.+Battery+Data+Set.zip
B0018-D098,B0018,98,1.855,1.39357,3.4614,31.43537,157.96467,0.75125,data/raw/nasa/battery_dataset/5. Battery Data Set/1. BatteryAgingARC-FY08Q4/B0018.mat,https://phm-datasets.s3.amazonaws.com/NASA/5.+Battery+Data+Set.zip
B0018-D099,B0018,99,1.855,1.38936,3.46113,31.54238,157.96467,0.74898,data/raw/nasa/battery_dataset/5. Battery Data Set/1. BatteryAgingARC-FY08Q4/B0018.mat,https://phm-datasets.s3.amazonaws.com/NASA/5.+Battery+Data+Set.zip
B0018-D100,B0018,100,1.855,1.37857,3.45556,31.5267,157.96467,0.74316,data/raw/nasa/battery_dataset/5. Battery Data Set/1. BatteryAgingARC-FY08Q4/B0018.mat,https://phm-datasets.s3.amazonaws.com/NASA/5.+Battery+Data+Set.zip
B0018-D101,B0018,101,1.855,1.3849,3.4596,31.43592,154.29381,0.74658,data/raw/nasa/battery_dataset/5. Battery Data Set/1. BatteryAgingARC-FY08Q4/B0018.mat,https://phm-datasets.s3.amazonaws.com/NASA/5.+Battery+Data+Set.zip
B0018-D102,B0018,102,1.855,1.37033,3.45066,31.47524,154.29381,0.73872,data/raw/nasa/battery_dataset/5. Battery Data Set/1. BatteryAgingARC-FY08Q4/B0018.mat,https://phm-datasets.s3.amazonaws.com/NASA/5.+Battery+Data+Set.zip
B0018-D103,B0018,103,1.855,1.37335,3.45552,31.58174,156.3004,0.74035,data/raw/nasa/battery_dataset/5. Battery Data Set/1. BatteryAgingARC-FY08Q4/B0018.mat,https://phm-datasets.s3.amazonaws.com/NASA/5.+Battery+Data+Set.zip
B0018-D104,B0018,104,1.855,1.36795,3.45584,31.64796,156.3004,0.73744,data/raw/nasa/battery_dataset/5. Battery Data Set/1. BatteryAgingARC-FY08Q4/B0018.mat,https://phm-datasets.s3.amazonaws.com/NASA/5.+Battery+Data+Set.zip
B0018-D105,B0018,105,1.855,1.35671,3.44868,31.66203,156.3004,0.73138,data/raw/nasa/battery_dataset/5. Battery Data Set/1. BatteryAgingARC-FY08Q4/B0018.mat,https://phm-datasets.s3.amazonaws.com/NASA/5.+Battery+Data+Set.zip
B0018-D106,B0018,106,1.855,1.46043,3.4745,30.4345,155.0815,0.78729,data/raw/nasa/battery_dataset/5. Battery Data Set/1. BatteryAgingARC-FY08Q4/B0018.mat,https://phm-datasets.s3.amazonaws.com/NASA/5.+Battery+Data+Set.zip
B0018-D107,B0018,107,1.855,1.4501,3.47403,31.018,155.0815,0.78172,data/raw/nasa/battery_dataset/5. Battery Data Set/1. BatteryAgingARC-FY08Q4/B0018.mat,https://phm-datasets.s3.amazonaws.com/NASA/5.+Battery+Data+Set.zip
B0018-D108,B0018,108,1.855,1.43814,3.4744,31.39484,155.42148,0.77528,data/raw/nasa/battery_dataset/5. Battery Data Set/1. BatteryAgingARC-FY08Q4/B0018.mat,https://phm-datasets.s3.amazonaws.com/NASA/5.+Battery+Data+Set.zip
B0018-D109,B0018,109,1.855,1.42837,3.47177,31.24512,155.42148,0.77001,data/raw/nasa/battery_dataset/5. Battery Data Set/1. BatteryAgingARC-FY08Q4/B0018.mat,https://phm-datasets.s3.amazonaws.com/NASA/5.+Battery+Data+Set.zip
B0018-D110,B0018,110,1.855,1.41479,3.46853,31.05307,155.42148,0.76269,data/raw/nasa/battery_dataset/5. Battery Data Set/1. BatteryAgingARC-FY08Q4/B0018.mat,https://phm-datasets.s3.amazonaws.com/NASA/5.+Battery+Data+Set.zip
B0018-D111,B0018,111,1.855,1.41389,3.46512,30.88589,155.42148,0.7622,data/raw/nasa/battery_dataset/5. Battery Data Set/1. BatteryAgingARC-FY08Q4/B0018.mat,https://phm-datasets.s3.amazonaws.com/NASA/5.+Battery+Data+Set.zip
B0018-D112,B0018,112,1.855,1.39893,3.46529,31.05399,155.42148,0.75414,data/raw/nasa/battery_dataset/5. Battery Data Set/1. BatteryAgingARC-FY08Q4/B0018.mat,https://phm-datasets.s3.amazonaws.com/NASA/5.+Battery+Data+Set.zip
B0018-D113,B0018,113,1.855,1.39533,3.4618,31.49284,156.68091,0.7522,data/raw/nasa/battery_dataset/5. Battery Data Set/1. BatteryAgingARC-FY08Q4/B0018.mat,https://phm-datasets.s3.amazonaws.com/NASA/5.+Battery+Data+Set.zip
B0018-D114,B0018,114,1.855,1.39005,3.46326,31.93833,156.68091,0.74935,data/raw/nasa/battery_dataset/5. Battery Data Set/1. BatteryAgingARC-FY08Q4/B0018.mat,https://phm-datasets.s3.amazonaws.com/NASA/5.+Battery+Data+Set.zip
B0018-D115,B0018,115,1.855,1.38603,3.46284,31.74563,156.68091,0.74718,data/raw/nasa/battery_dataset/5. Battery Data Set/1. BatteryAgingARC-FY08Q4/B0018.mat,https://phm-datasets.s3.amazonaws.com/NASA/5.+Battery+Data+Set.zip
B0018-D116,B0018,116,1.855,1.38822,3.45692,31.31018,150.88428,0.74836,data/raw/nasa/battery_dataset/5. Battery Data Set/1. BatteryAgingARC-FY08Q4/B0018.mat,https://phm-datasets.s3.amazonaws.com/NASA/5.+Battery+Data+Set.zip
B0018-D117,B0018,117,1.855,1.37618,3.45747,31.12736,150.88428,0.74188,data/raw/nasa/battery_dataset/5. Battery Data Set/1. BatteryAgingARC-FY08Q4/B0018.mat,https://phm-datasets.s3.amazonaws.com/NASA/5.+Battery+Data+Set.zip
B0018-D118,B0018,118,1.855,1.36472,3.45022,30.98555,160.87584,0.73569,data/raw/nasa/battery_dataset/5. Battery Data Set/1. BatteryAgingARC-FY08Q4/B0018.mat,https://phm-datasets.s3.amazonaws.com/NASA/5.+Battery+Data+Set.zip
B0018-D119,B0018,119,1.855,1.35899,3.44867,30.89965,160.87584,0.7326,data/raw/nasa/battery_dataset/5. Battery Data Set/1. BatteryAgingARC-FY08Q4/B0018.mat,https://phm-datasets.s3.amazonaws.com/NASA/5.+Battery+Data+Set.zip
B0018-D120,B0018,120,1.855,1.34623,3.44463,30.70612,160.87584,0.72573,data/raw/nasa/battery_dataset/5. Battery Data Set/1. BatteryAgingARC-FY08Q4/B0018.mat,https://phm-datasets.s3.amazonaws.com/NASA/5.+Battery+Data+Set.zip
B0018-D121,B0018,121,1.855,1.42684,3.46727,30.47122,154.89053,0.76919,data/raw/nasa/battery_dataset/5. Battery Data Set/1. BatteryAgingARC-FY08Q4/B0018.mat,https://phm-datasets.s3.amazonaws.com/NASA/5.+Battery+Data+Set.zip
B0018-D122,B0018,122,1.855,1.40645,3.46449,30.93922,154.89053,0.75819,data/raw/nasa/battery_dataset/5. Battery Data Set/1. BatteryAgingARC-FY08Q4/B0018.mat,https://phm-datasets.s3.amazonaws.com/NASA/5.+Battery+Data+Set.zip
B0018-D123,B0018,123,1.855,1.39349,3.45967,31.11164,155.56728,0.75121,data/raw/nasa/battery_dataset/5. Battery Data Set/1. BatteryAgingARC-FY08Q4/B0018.mat,https://phm-datasets.s3.amazonaws.com/NASA/5.+Battery+Data+Set.zip
B0018-D124,B0018,124,1.855,1.38825,3.46224,31.03791,155.56728,0.74838,data/raw/nasa/battery_dataset/5. Battery Data Set/1. BatteryAgingARC-FY08Q4/B0018.mat,https://phm-datasets.s3.amazonaws.com/NASA/5.+Battery+Data+Set.zip
B0018-D125,B0018,125,1.855,1.37019,3.45557,30.96795,155.56728,0.73864,data/raw/nasa/battery_dataset/5. Battery Data Set/1. BatteryAgingARC-FY08Q4/B0018.mat,https://phm-datasets.s3.amazonaws.com/NASA/5.+Battery+Data+Set.zip
B0018-D126,B0018,126,1.855,1.3797,3.4587,30.93996,155.56728,0.74377,data/raw/nasa/battery_dataset/5. Battery Data Set/1. BatteryAgingARC-FY08Q4/B0018.mat,https://phm-datasets.s3.amazonaws.com/NASA/5.+Battery+Data+Set.zip
B0018-D127,B0018,127,1.855,1.36866,3.45253,31.29502,155.56728,0.73782,data/raw/nasa/battery_dataset/5. Battery Data Set/1. BatteryAgingARC-FY08Q4/B0018.mat,https://phm-datasets.s3.amazonaws.com/NASA/5.+Battery+Data+Set.zip
B0018-D128,B0018,128,1.855,1.36274,3.45523,31.81847,157.91421,0.73463,data/raw/nasa/battery_dataset/5. Battery Data Set/1. BatteryAgingARC-FY08Q4/B0018.mat,https://phm-datasets.s3.amazonaws.com/NASA/5.+Battery+Data+Set.zip
B0018-D129,B0018,129,1.855,1.36341,3.46197,32.00067,157.91421,0.73499,data/raw/nasa/battery_dataset/5. Battery Data Set/1. BatteryAgingARC-FY08Q4/B0018.mat,https://phm-datasets.s3.amazonaws.com/NASA/5.+Battery+Data+Set.zip
B0018-D130,B0018,130,1.855,1.35186,3.45222,31.73992,157.91421,0.72877,data/raw/nasa/battery_dataset/5. Battery Data Set/1. BatteryAgingARC-FY08Q4/B0018.mat,https://phm-datasets.s3.amazonaws.com/NASA/5.+Battery+Data+Set.zip
B0018-D131,B0018,131,1.855,1.3548,3.44765,31.52614,155.02735,0.73035,data/raw/nasa/battery_dataset/5. Battery Data Set/1. BatteryAgingARC-FY08Q4/B0018.mat,https://phm-datasets.s3.amazonaws.com/NASA/5.+Battery+Data+Set.zip
B0018-D132,B0018,132,1.855,1.34105,3.44793,31.27624,155.02735,0.72294,data/raw/nasa/battery_dataset/5. Battery Data Set/1. BatteryAgingARC-FY08Q4/B0018.mat,https://phm-datasets.s3.amazonaws.com/NASA/5.+Battery+Data+Set.zip
